Rk,,Tm,Age,Pos,G,GS,Int,Yds,TD,Lng,PD,FF,Fmb,FR,Yds,TD,Sk,Tkl,Ast,Sfty
1,Demario Davis,NYJ,28,LB/mlb,16,16,0,0,0,0,3,0,0,1,12,0,5,97,38,
2,Bobby Wagner*+,SEA,27,lb/MLB,16,16,2,7,0,7,6,0,1,2,21,1,1.5,97,36,1
3,C.J. Mosley*,BAL,25,MLB,16,16,2,94,1,63,8,3,0,2,18,0,1,96,36,
4,Reshad Jones*,MIA,29,S,16,16,2,15,0,15,5,0,0,3,52,2,1.5,94,28,
5,Blake Martinez,GNB,23,LB,16,16,1,3,0,3,8,1,0,2,0,0,1,94,48,
6,Deion Jones*,ATL,23,LB,16,16,3,42,0,41,10,,,,,,1,91,47,
7,Christian Kirksey,CLE,25,LB,16,16,0,0,0,0,5,2,0,1,0,0,3.5,86,52,
8,Joe Schobert*,CLE,24,MLB,16,16,1,8,0,8,4,3,0,0,0,0,3,85,57,
9,Preston Brown,BUF,25,lb/MLB,16,16,0,0,0,0,3,,,,,,,84,60,
10,Zach Brown,WAS,28,MLB,13,13,0,0,0,0,2,,,,,,2.5,84,43,
11,Keanu Neal*,ATL,22,S,16,16,1,19,0,19,6,3,0,2,0,0,,81,32,
12,Wesley Woodyard,TEN,31,LB,16,16,0,0,0,0,5,0,0,2,4,1,5,81,40,
13,NaVorro Bowman,2TM,29,,15,15,1,0,0,0,3,0,0,1,1,0,1.5,80,47,
14,Kiko Alonso,MIA,27,LB,16,16,0,0,0,0,1,2,0,0,0,0,1,79,36,
15,Tahir Whitehead,DET,27,LB,16,16,1,18,0,18,2,0,0,4,9,0,1,78,32,
16,Devin McCourty,NWE,30,S/ss,16,16,1,0,0,0,5,0,0,1,0,0,1,77,17,
17,Lavonte David,TAM,27,LB,13,13,0,0,0,0,1,5,0,5,21,1,,76,25,
18,Telvin Smith*,JAX,26,LB,14,14,3,56,1,28,5,1,0,2,52,1,1,76,26,
19,Brandon Marshall,DEN,28,LB,16,16,0,0,0,0,4,1,0,1,19,1,3,75,31,
20,Landon Collins*,NYG,23,SS,15,15,2,21,0,21,6,1,0,2,33,0,,74,25,
21,Karlos Dansby,ARI,36,LB,16,15,1,4,0,4,4,0,0,1,0,0,1,74,21,
22,Luke Kuechly*+,CAR,26,MLB,15,15,3,23,0,23,4,1,0,3,34,1,1.5,74,51,
23,Mark Barron,LAR,28,LB,14,14,3,29,0,15,4,,,,,,1,72,13,
24,K.J. Wright,SEA,28,LB/mlb,15,15,1,1,0,1,6,0,0,1,0,0,,71,37,
25,Kwon Alexander*,TAM,23,lb/MLB,12,12,3,70,0,28,4,1,0,0,0,0,,70,27,
26,T.J. Carrie,OAK,27,cb/RCB,16,15,0,0,0,0,9,0,0,2,0,0,,70,14,
27,Sean Lee,DAL,31,LB,11,11,1,9,0,9,1,,,,,,,70,31,
28,Sean Davis,PIT,24,SS,16,16,3,76,0,41,8,1,0,0,0,0,1,69,21,
29,Dontae Johnson,SFO,26,RCB,16,16,1,50,1,50,7,,,,,,,68,8,
30,Ryan Shazier*,PIT,25,LILB/rilb,12,12,3,2,0,2,11,2,0,1,3,0,,68,21,
31,Vince Williams,PIT,28,RILB,16,16,1,13,0,13,1,,,,,,8,68,20,
32,Patrick Chung,NWE,30,S,16,11,1,30,0,30,9,0,0,2,0,0,,67,11,
33,Eric Kendricks,MIN,25,MLB,16,16,1,31,1,31,6,,,,,,1,67,46,
34,Darron Lee,NYJ,23,LB,15,15,0,0,0,0,3,2,0,0,0,0,3,67,27,
35,Jahleel Addae,LAC,27,SS,16,16,0,0,0,0,7,,,,,,0.5,66,30,
36,James Bradberry,CAR,24,LCB,16,16,2,3,0,3,10,1,0,0,0,0,1,66,19,
37,Myles Jack,JAX,22,LB,16,16,0,0,0,0,3,0,0,2,81,1,2,66,24,
38,Tyrann Mathieu,ARI,25,FS/ss,16,16,2,16,0,15,7,1,0,0,0,0,1,66,8,
39,Daniel Sorensen,KAN,27,lb/S,15,14,1,3,0,3,6,0,1,0,0,0,1.5,66,22,
40,Ha Ha Clinton-Dix,GNB,25,FS,16,16,3,5,0,3,6,,,,,,,65,14,
41,Jarrad Davis,DET,22,MLB,14,14,1,12,0,12,3,1,0,1,16,0,2,65,31,
42,Micah Hyde*,BUF,27,SS,16,16,5,64,0,37,13,,,,,,,65,17,
43,Patrick Onwuasor,BAL,25,LB,16,13,0,0,0,0,2,1,0,1,0,0,1,65,23,
44,Antonio Morrison,IND,23,MLB,15,15,0,0,0,0,1,,,,,,,64,44,
45,Jamal Adams,NYJ,22,fs/SS,16,16,0,0,0,0,6,1,0,2,0,0,2,63,19,
46,Alec Ogletree,LAR,26,LB,15,15,1,41,1,41,10,1,0,1,0,0,2,63,32,
47,Jordan Poyer,BUF,26,FS,15,15,5,33,1,19,13,0,0,1,32,0,2,63,32,
48,Kevin Byard*+,TEN,24,FS,16,16,8,130,0,33,16,0,0,2,6,0,,62,25,
49,Benardrick McKinney,HOU,25,lb/MLB,16,16,0,0,0,0,1,1,0,0,0,0,3,62,33,
50,Nigel Bradham,PHI,28,LB/mlb,15,15,0,0,0,0,8,1,0,1,37,1,1,61,27,
51,De'Vondre Campbell,ATL,24,LB,16,16,0,0,0,0,4,1,0,0,0,0,2,61,31,
52,Chris Conte,TAM,28,S,16,14,1,0,0,0,8,3,0,0,0,0,,61,15,
53,Adoree' Jackson,TEN,22,CB,16,16,0,0,0,0,17,3,1,0,0,0,,61,9,
54,Desmond King,LAC,23,cb/db,16,4,1,90,1,90,5,,,,,,4,61,10,
55,Khalil Mack*,OAK,26,DE,16,16,0,0,0,0,3,1,0,1,0,0,10.5,61,17,
56,Harrison Smith*+,MIN,28,FS,16,16,5,42,0,19,12,,,,,,1.5,61,17,
57,D.J. Swearinger,WAS,26,FS/s,16,16,4,32,0,31,10,1,1,0,0,0,0.5,61,18,
58,Darian Thompson,NYG,24,FS,16,16,1,0,0,0,6,,,,,,,61,14,
59,Adrian Amos,CHI,24,S,13,10,1,90,1,90,3,2,0,1,4,0,,60,7,
60,Kendell Beckwith,TAM,23,lb/mlb,16,11,0,0,0,0,2,1,0,0,0,0,1,60,13,
61,Kyle Fuller,CHI,25,CB,16,16,2,0,0,0,22,,,,,,,60,8,
62,Reggie Nelson,OAK,34,FS,16,16,1,3,0,3,5,2,0,0,0,0,,60,29,
63,Glover Quin,DET,31,FS,16,16,3,62,1,37,6,4,0,1,0,0,,60,24,
64,Danny Trevathan,CHI,27,LB,12,12,1,8,0,8,5,1,0,1,0,0,2,60,29,
65,Darqueze Dennard,CIN,26,db/lcb/rcb,16,6,2,109,1,89,6,0,1,0,0,0,2,59,24,
66,Reuben Foster,SFO,23,lb/MLB,10,10,0,0,0,0,1,,,,,,,59,13,
67,Robert Alford,ATL,29,CB,16,16,1,0,0,0,20,,,,,,,58,7,
68,Deone Bucannon,ARI,25,LB,12,12,1,39,0,39,3,2,0,0,0,0,1,58,24,
69,Matthias Farley,IND,25,s/SS,16,15,2,9,0,9,7,1,0,1,0,0,,58,37,
70,Ron Parker,KAN,30,S,16,16,2,40,0,40,4,0,0,2,7,0,,58,9,
71,Lawrence Timmons,MIA,31,LB/mlb,14,14,0,0,0,0,3,,,,,,,58,26,
72,Kyle Van Noy,NWE,26,LB,13,12,0,0,0,0,2,,,,,,5.5,58,15,
73,Vonn Bell,NOR,23,cb/fs/s/ss,16,10,0,0,0,0,2,2,0,0,0,0,4.5,57,21,
74,Jonathan Bostic,IND,26,LB,14,14,0,0,0,0,3,0,0,1,0,0,1,57,40,
75,Malcolm Jenkins*,PHI,30,S,16,16,2,0,0,0,8,1,1,1,0,0,1,57,12,
76,Trumaine Johnson,LAR,27,LCB,16,15,2,39,1,39,13,1,0,1,0,0,,57,8,
77,Christian Jones,CHI,26,LB,16,11,0,0,0,0,2,1,0,1,0,0,2,57,27,
78,Karl Joseph,OAK,24,s/SS,15,15,1,-1,0,-1,4,1,0,1,0,0,1,57,21,
79,Trae Waynes,MIN,25,LCB,16,16,2,21,0,18,11,,,,,,1,57,8,
80,Marcus Williams,NOR,21,FS/s,15,15,4,12,0,12,7,,,,,,,57,14,
81,Tre Boston,LAC,25,FS,16,15,5,49,0,25,8,,,,,,,56,23,
82,Barry Church,JAX,29,SS,16,16,4,51,1,51,8,,,,,,1.5,56,16,
83,Ramon Humber,BUF,30,LB,13,9,0,0,0,0,1,1,0,0,0,0,1,56,27,
84,Tony Jefferson,BAL,25,s/SS,16,16,1,13,0,13,2,1,0,0,0,0,2.5,56,23,
85,Josh Jones,GNB,23,lb/s/ss,16,7,1,0,0,0,5,,,,,,2,56,11,
86,Marcus Maye,NYJ,24,FS/ss,16,16,2,44,0,32,2,1,0,0,0,0,,56,22,
87,Buster Skrine,NYJ,28,CB,15,15,1,0,0,0,9,2,0,2,8,0,1,56,7,
88,Earl Thomas*,SEA,28,FS,14,14,2,97,1,78,6,1,0,0,0,0,,56,32,
89,Malcolm Butler,NWE,27,cb/LCB,16,15,2,-1,0,1,12,3,0,0,0,0,1,55,5,
90,Jeff Heath,DAL,26,SS,15,15,3,20,0,14,5,2,0,0,0,0,,55,8,
91,Anthony Hitchens,DAL,25,lb/MLB,12,12,0,0,0,0,2,1,0,0,0,0,,55,29,
92,Joey Bosa*,LAC,22,DE,16,16,0,0,0,0,1,4,0,1,0,0,12.5,54,16,
93,Jatavis Brown,LAC,23,lb,16,5,0,0,0,0,1,0,0,1,0,0,,54,22,
94,George Iloka,CIN,27,FS,16,16,1,14,0,14,5,,,,,,,54,25,
95,Kareem Jackson,HOU,29,RCB,16,14,1,2,0,2,10,1,0,0,0,0,1,54,19,
96,Jason McCourty,CLE,30,CB/lb,14,14,3,59,1,56,14,2,0,0,0,0,,54,11,
97,Darius Slay*+,DET,26,CB,16,16,8,73,0,37,26,0,0,1,0,0,,54,6,
98,Lorenzo Alexander,BUF,34,db/LB,16,11,0,0,0,0,1,3,0,0,0,0,3,53,12,
99,A.J. Bouye*,JAX,26,RCB,16,16,6,70,0,51,18,,,,,,,53,3,
100,Tashaun Gipson,JAX,27,FS,16,16,4,83,0,67,7,0,0,1,0,0,,53,11,
101,Eddie Jackson,CHI,24,S,16,16,2,82,1,76,6,1,0,3,75,1,,53,17,
102,John Johnson,LAR,22,rcb/SS,16,11,1,69,0,69,11,,,,,,,53,18,
103,TreDavious White,BUF,22,LCB,16,16,4,86,0,63,18,1,0,2,52,1,,53,16,
104,Anthony Barr*,MIN,25,LB,16,16,0,0,0,0,6,,,,,,1,52,23,
105,Thomas Davis*,CAR,34,LB,15,15,,,,,,0,0,1,0,0,2.5,52,24,
106,Jalen Ramsey*+,JAX,23,LCB,16,16,4,34,0,18,17,,,,,,,52,11,
107,Eric Reid,SFO,26,fs/lb/s/ss,13,12,2,0,0,0,4,0,0,1,0,0,,52,14,
108,Vincent Rey,CIN,30,LB/mlb,14,11,1,12,0,12,1,,,,,,,52,32,
109,Andrew Sendejo,MIN,30,SS,13,13,2,70,0,36,7,,,,,,,52,25,
110,Darian Stewart,DEN,29,cb/FS,16,15,3,33,0,24,5,,,,,,,52,11,
111,Avery Williamson,TEN,25,LB,16,16,0,0,0,0,2,2,0,0,0,0,3,52,40,
112,Tyvon Branch,ARI,31,db/fs/ss,9,9,0,0,0,0,6,1,0,0,0,0,,51,15,
113,Kurt Coleman,CAR,29,FS,12,12,0,0,0,0,3,0,0,1,0,0,,51,25,
114,Damon Harrison,NYG,29,LDT,16,15,1,9,0,9,3,,,,,,1.5,51,25,
115,Chandler Jones*+,ARI,27,LB,16,16,0,0,0,0,3,2,0,0,0,0,17,51,7,
116,Mychal Kendricks,PHI,27,LB,15,13,0,0,0,0,6,,,,,,2,51,22,
117,Von Miller*,DEN,28,LB,16,16,0,0,0,0,3,2,0,1,0,0,10,51,6,
118,Jalen Mills,PHI,23,CB,15,15,3,53,1,37,14,,,,,,,51,13,
119,Brandon Carr,BAL,31,LCB,16,16,4,57,0,33,12,,,,,,,50,6,
120,Shaquill Griffin,SEA,22,cb/RCB,15,11,1,0,0,0,15,,,,,,1,50,8,
121,Matt Judon,BAL,25,LB,16,12,0,0,0,0,3,2,0,1,0,0,8,50,8,
122,Craig Robertson,NOR,29,LB,16,12,2,20,0,20,6,1,0,2,8,0,2,50,27,
123,Jake Ryan,GNB,25,LB,15,12,,,,,,1,0,1,0,0,1,50,29,
124,Logan Ryan,TEN,26,CB,15,15,0,0,0,0,11,1,0,0,0,0,,50,12,
125,Jaylon Smith,DAL,22,lb/mlb,16,6,0,0,0,0,2,2,0,0,0,0,1,50,31,
126,Ryan Smith,TAM,24,CB,15,10,0,0,0,0,5,2,0,1,0,0,,50,11,
127,Justin Evans,TAM,22,db/S,14,9,3,28,0,15,6,,,,,,,49,16,
128,Brian Poole,ATL,25,cb,15,3,0,0,0,0,4,,,,,,1,49,14,
129,Eric Weddle*,BAL,32,FS,16,16,6,85,1,45,7,2,0,1,0,0,1,49,14,
130,Daryl Worley,CAR,22,RCB/ss,15,14,2,0,0,0,10,,,,,,1,49,14,
131,Mike Adams,CAR,36,SS,16,16,2,42,0,40,10,2,1,2,4,0,,48,21,
132,Vontaze Burfict,CIN,27,LB/mlb,10,10,0,0,0,0,2,1,0,0,0,0,1.5,48,21,
133,Morgan Burnett,GNB,28,cb/lb/SS,12,12,0,0,0,0,3,1,0,0,0,0,,48,20,
134,Todd Davis,DEN,25,LB,14,14,,,,,,,,,,,1,48,34,
135,E.J. Gaines,BUF,25,RCB,11,11,1,1,0,1,9,3,0,0,0,0,,48,11,
136,Derrick Johnson,KAN,35,LILB/rilb,15,15,0,0,0,0,7,1,0,1,3,0,,48,23,
137,Byron Jones,DAL,25,FS,16,16,1,21,1,21,5,1,0,0,0,0,,48,23,
138,Cameron Jordan*+,NOR,28,DE,16,16,1,0,1,0,11,2,0,0,0,0,13,48,14,
139,Jourdan Lewis,DAL,22,cb/db,15,7,1,25,0,25,10,,,,,,,48,6,
140,Jason Pierre-Paul,NYG,28,DE,16,16,0,0,0,0,5,2,0,0,0,0,8.5,48,20,
141,Jamar Taylor,CLE,27,CB,16,15,0,0,0,0,10,1,0,0,0,0,0.5,48,14,
142,Kenny Vaccaro,NOR,26,s/SS,12,12,3,41,0,30,7,0,1,1,0,1,1.5,48,12,
143,Antoine Bethea,ARI,33,db/s/ss,15,6,5,51,0,21,9,1,0,0,0,0,1,47,10,
144,Artie Burns,PIT,22,RCB,16,16,1,0,0,0,13,0,0,2,0,0,,47,7,
145,Calais Campbell*+,JAX,31,DE,16,16,0,0,0,0,3,3,0,1,10,1,14.5,47,20,
146,Ken Crawley,NOR,24,LCB/rcb,13,13,1,0,0,0,17,,,,,,,47,7,
147,Stephon Gilmore,NWE,27,cb/RCB,13,13,2,59,0,39,9,,,,,,,47,3,
148,Andre Hal,HOU,25,FS,16,16,3,10,0,7,5,2,0,0,0,0,,47,24,
149,Dre Kirkpatrick,CIN,28,LCB,14,14,1,101,0,101,14,1,1,1,0,0,1,47,8,
150,Terrance Mitchell,KAN,25,lcb/rcb,15,9,4,0,0,0,18,,,,,,,47,5,
151,Josh Norman,WAS,30,CB,14,13,0,0,0,0,9,2,0,1,0,0,,47,17,
152,Adrian Phillips,LAC,25,db/fs,15,4,2,13,0,9,5,1,0,0,0,0,,47,12,
153,Hayes Pullard,LAC,25,dl/lb/mlb,13,10,1,1,0,1,1,0,0,1,0,0,,47,25,
154,Justin Houston,KAN,28,lilb/LOLB,15,15,0,0,0,0,5,0,0,2,13,1,9.5,46,13,
155,Justin Simmons,DEN,24,s/SS,13,13,2,65,1,65,5,,,,,,1,46,17,
156,Trevor Williams,LAC,24,cb/RCB,16,15,2,28,0,21,13,,,,,,,46,8,
157,Prince Amukamara,CHI,28,CB,14,12,0,0,0,0,7,0,0,1,0,0,,45,3,
158,Budda Baker*+,ARI,21,s/ss,16,7,0,0,0,0,7,2,0,1,0,0,1,45,13,
159,Anthony Brown,DAL,24,CB,16,10,2,16,0,16,11,1,0,0,0,0,1,45,9,
160,DeForest Buckner,SFO,23,RDT,16,16,0,0,0,0,5,1,0,0,0,0,3,45,16,
161,Zach Cunningham,HOU,23,LB/mlb,16,13,0,0,0,0,6,1,0,0,0,0,1.5,45,37,
162,Trey Flowers,NWE,24,DE/dt,14,14,0,0,0,0,3,2,0,0,0,0,6.5,45,17,
163,Marcus Gilchrist,HOU,29,SS,16,13,1,17,0,17,6,1,0,0,0,0,1,45,11,
164,Bradley McDougald,SEA,27,fs/rcb/ss,16,9,0,0,0,0,4,,,,,,,45,22,
165,Elandon Roberts,NWE,23,LB,15,14,0,0,0,0,1,0,0,1,0,0,2,45,22,
166,James Burgess,CLE,23,LB,14,9,0,0,0,0,3,1,0,0,0,0,4,44,26,
167,Quandre Diggs,DET,24,cb/ss,16,11,3,28,0,16,9,1,0,0,0,0,1,44,10,
168,Brent Grimes,TAM,34,CB,13,13,3,67,0,39,11,0,0,1,37,0,,44,5,
169,Jabrill Peppers,CLE,22,S,13,13,1,0,0,0,3,0,5,1,0,0,,44,13,
170,Xavier Rhodes*+,MIN,27,RCB,16,16,2,23,0,21,10,,,,,,,44,12,
171,Melvin Ingram*,LAC,28,DE,16,16,0,0,0,0,1,1,0,2,39,1,10.5,43,13,
172,Marshon Lattimore*,NOR,21,lcb/RCB,13,13,5,85,1,33,18,1,0,1,0,0,,43,9,
173,Nick Vigil,CIN,24,LB,11,11,1,0,0,0,5,,,,,,1,43,34,
174,Kendall Fuller,WAS,22,cb,16,6,4,4,0,3,10,1,0,0,0,0,,42,12,
175,Mike Hilton,PIT,23,cb/db,16,4,2,45,0,26,6,1,0,0,0,0,4,42,12,
176,Xavien Howard,MIA,24,CB,16,16,4,71,1,30,13,,,,,,1,42,6,
177,Cory James,OAK,24,LB,10,9,0,0,0,0,1,1,0,0,0,0,,42,14,
178,Derrick Kindred,CLE,24,S,14,10,1,30,0,30,6,,,,,,,42,13,
179,Marcus Peters,KAN,24,LCB/rcb,14,14,5,137,0,62,9,3,0,2,45,1,,42,4,
180,Paul Posluszny,JAX,33,MLB,16,11,0,0,0,0,2,,,,,,1.5,42,18,
181,Manti Te'o,NOR,26,lb/MLB,16,11,0,0,0,0,3,0,0,1,0,0,,42,20,
182,K'Waun Williams,SFO,26,cb/db,14,5,1,27,0,27,5,2,0,1,0,0,1,42,12,
183,Tavon Wilson,DET,27,s/SS,10,9,1,23,0,23,2,1,0,0,0,0,2,42,13,
184,Eli Apple,NYG,22,cb,11,7,0,0,0,0,8,0,0,2,0,0,,41,8,
185,Ray-Ray Armstrong,2TM,26,,15,6,2,29,0,29,2,2,0,0,0,0,1,41,19,
186,Jurrell Casey*,TEN,28,DT,16,16,0,0,0,0,1,1,0,0,0,0,6,41,19,
187,Jadeveon Clowney*,HOU,24,de/k/LB/mlb,16,16,0,0,0,0,2,2,0,3,71,1,9.5,41,18,
188,Martrell Spaight,WAS,24,mlb,15,6,0,0,0,0,2,0,0,1,0,0,,41,28,
189,Leonard Johnson,BUF,27,db,15,7,0,0,0,0,7,1,0,1,0,0,,40,11,
190,Linval Joseph*,MIN,29,dt/NT,16,16,,,,,,0,0,1,0,0,3.5,40,28,
191,Ezekiel Ansah,DET,28,DE,14,14,,,,,,1,0,1,0,0,12,39,5,
192,Michael Brockers,LAR,27,de/dt/nt,16,15,0,0,0,0,4,,,,,,4.5,39,16,
193,Akiem Hicks,CHI,28,DE,16,16,,,,,,0,0,2,0,0,8.5,39,15,
194,Lamarcus Joyner,LAR,27,FS,12,12,3,104,1,46,9,1,0,0,0,0,,39,10,
195,Byron Maxwell,2TM,29,,9,8,1,0,0,0,7,2,0,0,0,0,,39,7,
196,T.J. Watt,PIT,23,ROLB,15,15,1,17,0,17,7,1,0,0,0,0,7,39,13,
197,Tramon Williams,ARI,34,RCB,13,9,2,12,0,12,12,0,0,1,18,0,,39,2,
198,Ricardo Allen,ATL,26,S,15,15,1,4,0,4,2,,,,,,,38,16,
199,Johnathan Cyprien,TEN,27,SS,10,10,0,0,0,0,1,,,,,,1,38,19,
200,Bruce Irvin,OAK,30,LB,16,16,0,0,0,0,3,4,0,0,0,0,8,38,20,
201,Robert McClain,TAM,29,cb/db/s,14,9,3,53,1,47,5,,,,,,,38,8,
202,Damarious Randall,GNB,25,cb/lcb/rcb,14,12,4,35,1,21,9,0,0,1,0,0,,38,9,
203,Patrick Robinson,PHI,30,CB,16,8,4,36,0,19,18,0,0,1,0,0,1,38,7,
204,Jayon Brown,TEN,22,,16,0,0,0,0,0,4,0,0,1,0,0,1.5,37,14,
205,Ross Cockrell,NYG,26,cb/db/lcb,16,9,3,1,0,1,11,,,,,,,37,12,
206,Aaron Colvin,JAX,26,cb,16,5,0,0,0,0,5,0,0,1,0,0,,37,7,
207,B.J. Goodson,NYG,24,mlb,7,7,0,0,0,0,2,1,0,0,0,0,,37,16,
208,Vernon Hargreaves,TAM,22,cb,9,7,0,0,0,0,5,,,,,,,37,5,
209,Davon House,GNB,28,LCB/rcb,12,12,1,0,0,0,6,,,,,,1,37,7,
210,Johnathan Joseph,HOU,33,LCB,16,16,2,85,1,82,9,,,,,,,37,10,
211,A.J. Klein,NOR,26,LB/mlb,12,12,0,0,0,0,4,1,0,0,0,0,2,37,17,
212,Nevin Lawson,DET,26,CB,15,15,0,0,0,0,4,1,0,1,44,1,,37,6,
213,Nicholas Morrow,OAK,22,lb/mlb,16,5,0,0,0,0,4,,,,,,,37,20,
214,Jabaal Sheard,IND,28,de/dl/LB,16,16,0,0,0,0,3,2,0,0,0,0,5.5,37,15,
215,Terrell Suggs*,BAL,35,de/dl/LB/rolb,16,16,0,0,0,0,4,4,0,0,0,0,11,37,12,
216,Jaquiski Tartt,SFO,25,fs/s/ss,9,8,1,37,0,37,3,,,,,,0.5,37,17,
217,Shaq Thompson,CAR,23,LB,14,14,0,0,0,0,1,1,0,0,0,0,2,37,20,
218,Zach Vigil,WAS,26,mlb,7,6,0,0,0,0,2,0,0,1,0,0,,37,18,
219,Brock Coyle,SFO,27,LB/mlb,16,10,0,0,0,0,1,1,0,0,0,0,0.5,36,26,
220,Dexter McDonald,OAK,26,lcb/rcb,15,6,0,0,0,0,7,1,0,0,0,0,,36,7,
221,Darryl Roberts,NYJ,27,cb,15,4,1,0,0,0,8,,,,,,,36,1,
222,Nickell Robey-Coleman,LAR,25,cb/rcb,15,4,2,56,0,31,9,1,0,1,0,0,,36,10,
223,Carlos Dunlap,CIN,28,DE,16,16,1,16,1,16,7,1,0,0,0,0,7.5,35,11,
224,D.J. Hayden,DET,27,cb,16,1,0,0,0,0,9,0,0,2,27,1,0.5,35,7,
225,Kevin Johnson,HOU,25,cb/rcb,12,4,0,0,0,0,2,,,,,,,35,10,
226,Michael Johnson,CIN,30,DE/dt,15,15,0,0,0,0,1,,,,,,5,35,14,
227,Demarcus Lawrence*,DAL,25,DE,16,16,0,0,0,0,1,4,0,2,0,0,14.5,35,23,
228,Bennie Logan,KAN,28,cb/de/dt/NT,15,12,0,0,0,0,1,,,,,,1.5,35,17,
229,Rodney McLeod,PHI,27,cb/S,14,14,3,67,0,50,6,1,0,2,9,0,,35,15,
230,Mike Mitchell,PIT,30,FS,13,12,0,0,0,0,2,0,0,1,0,0,,35,18,
231,Calvin Munson,NYG,23,lb/mlb,14,5,,,,,,1,0,0,0,0,2,35,20,
232,Bradley Roby,DEN,25,cb/db/lcb,16,4,1,0,0,0,17,1,0,1,0,0,1,35,7,
233,Lardarius Webb,BAL,32,db,16,3,2,10,0,10,4,1,0,0,0,0,2,35,2,
234,Shareece Wright,BUF,30,rcb,12,5,1,54,0,54,5,1,1,2,0,0,,35,7,
235,Bashaud Breeland,WAS,25,CB,15,15,1,96,1,96,19,,,,,,,34,13,
236,Morris Claiborne,NYJ,27,CB,15,15,1,28,0,28,8,,,,,,,34,9,
237,Mike Daniels*,GNB,28,DT,14,14,,,,,,1,0,0,0,0,5,34,15,
238,Lawrence Guy,NWE,27,DE/dt,16,15,0,0,0,0,1,,,,,,1,34,24,
239,Grady Jarrett,ATL,24,DT,16,16,,,,,,,,,,,4,34,21,
240,Ryan Kerrigan*,WAS,29,LB/mlb,16,16,1,24,1,24,1,3,0,0,0,0,13,34,12,
241,Nick Kwiatkoski,CHI,24,lb,11,6,0,0,0,0,2,1,0,0,0,0,2,34,11,
242,Solomon Thomas,SFO,22,DE/dl,14,12,,,,,,0,0,1,0,0,3,34,7,
243,Desmond Trufant,ATL,27,CB,15,15,2,43,0,43,12,0,1,3,15,1,1,34,5,
244,Kayvon Webster,LAR,26,cb/RCB,11,11,1,0,0,0,7,,,,,,,34,4,
245,P.J. Williams,NOR,24,db/lcb/rcb,16,6,2,7,0,7,9,,,,,,,34,13,
246,Shawn Williams,CIN,26,SS,11,11,1,7,0,7,3,0,0,2,0,0,,34,15,
247,Kam Chancellor,SEA,29,SS,9,9,0,0,0,0,2,1,0,0,0,0,,33,15,1
248,Brandon Graham,PHI,29,DE,15,15,0,0,0,0,3,2,0,1,16,1,9.5,33,14,
249,Casey Hayward*,LAC,28,cb/LCB,16,16,4,7,0,7,22,1,0,2,11,0,,33,7,
250,Jonathan Jones,NWE,24,db/s,16,4,1,6,0,6,8,0,0,1,0,0,1,33,3,
251,Bobby McCain,MIA,24,cb/db,16,7,2,6,0,6,7,,,,,,1,33,12,
252,Gerald McCoy*,TAM,29,DT,15,15,0,0,0,0,1,,,,,,6,33,14,
253,Steven Nelson,KAN,24,cb/rcb,9,7,0,0,0,0,4,1,0,0,0,0,,33,8,
254,Kenny Clark,GNB,22,NT,15,15,0,0,0,0,1,2,0,0,0,0,4.5,32,23,
255,Aaron Donald*+,LAR,26,DT/lb,14,14,0,0,0,0,2,5,0,1,0,0,11,32,9,
256,Chris Harris,DEN,28,RCB,16,15,2,36,0,23,7,1,0,0,0,0,,32,8,
257,Barkevious Mingo,IND,27,lb,16,6,0,0,0,0,2,3,0,3,0,0,2,32,12,
258,Will Parks,DEN,23,db/rcb/ss,16,5,1,0,0,0,4,,,,,,,32,15,
259,Michael Pierce,BAL,25,NT,16,13,,,,,,0,0,2,0,0,1,32,17,
260,A'Shawn Robinson,DET,22,DT,16,16,1,2,1,2,6,1,0,0,0,0,0.5,32,21,
261,Orlando Scandrick,DAL,30,CB,11,11,0,0,0,0,3,,,,,,,32,6,
262,Kelvin Sheppard,NYG,29,lb/mlb,7,6,2,17,0,12,4,,,,,,,32,17,
263,Sean Smith,OAK,30,cb/lcb/rcb,14,8,2,8,0,8,4,,,,,,,32,2,
264,Bud Dupree,PIT,24,LOLB,15,15,0,0,0,0,1,0,0,1,0,0,6,31,9,
265,Deshazor Everett,WAS,25,SS,14,8,0,0,0,0,5,1,0,0,0,0,,31,21,
266,Everson Griffen*,MIN,30,DE,15,15,0,0,0,0,1,3,0,0,0,0,13,31,14,
267,Malik Jackson*,JAX,27,DT,16,16,0,0,0,0,3,4,0,0,0,0,8,31,9,
268,T.J. McDonald,MIA,26,S,8,8,1,7,0,7,3,,,,,,,31,14,
269,Reggie Ragland,KAN,24,lilb/rilb/rolb,12,10,,,,,,1,0,0,0,0,,31,13,
270,Dominique Rodgers-Cromartie,NYG,31,cb,15,6,0,0,0,0,1,,,,,,0.5,31,17,
271,Preston Smith,WAS,25,LB,16,16,2,26,0,18,3,1,0,1,12,0,8,31,11,
272,Xavier Woods,DAL,22,cb/s/ss,16,4,1,7,0,7,3,0,0,1,6,0,,31,9,
273,Anthony Zettel,DET,25,DE,16,16,,,,,,1,0,1,0,0,6.5,31,12,
274,Shaquil Barrett,DEN,25,LB,16,9,,,,,,2,0,1,0,0,4,30,6,
275,Adrian Colbert,SFO,24,fs/ss,14,6,0,0,0,0,5,2,0,1,0,0,,30,2,
276,Ronald Darby,PHI,23,cb,8,7,3,42,0,37,9,,,,,,,30,4,
277,Cameron Heyward*+,PIT,28,DE,15,15,0,0,0,0,3,2,0,1,0,0,12,30,15,
278,Marlon Humphrey,BAL,21,db/rcb,16,5,2,33,0,18,11,,,,,,,30,4,
279,Jordan Jenkins,NYJ,23,LB,16,15,0,0,0,0,2,1,0,2,0,0,3,30,16,
280,Steve McLendon,NYJ,31,DL,16,14,,,,,,,,,,,1.5,30,16,
281,Rashaan Melvin,IND,28,LCB,10,10,3,28,0,21,13,,,,,,,30,6,
282,Brian Orakpo,TEN,31,LB,16,16,0,0,0,0,2,3,0,0,0,0,7,30,14,
283,Patrick Peterson*,ARI,27,LCB,16,16,1,22,0,22,8,0,0,1,47,0,,30,4,
284,Dalvin Tomlinson,NYG,23,RDT,16,16,0,0,0,0,1,,,,,,1,30,20,
285,T.J. Ward,TAM,31,s,12,5,0,0,0,0,3,0,0,1,2,0,,30,11,
286,Geno Atkins*,CIN,29,DT,16,15,,,,,,,,,,,9,29,17,
287,Malcom Brown,NWE,23,de/DT,13,12,,,,,,,,,,,2.5,29,20,
288,T.J. Green,IND,22,fs/s/ss,16,7,0,0,0,0,1,,,,,,,29,13,
289,Matt Milano,BUF,23,lb,16,5,1,15,0,15,2,1,0,1,40,1,,29,14,
290,Ndamukong Suh,MIA,30,DT/ldt,16,16,0,0,0,0,2,2,0,0,0,0,4.5,29,19,
291,Korey Toomer,LAC,29,lb/mlb,15,8,1,59,1,59,3,2,0,0,0,0,1,29,18,
292,Andrew Adams,NYG,25,db/ss,16,4,0,0,0,0,2,1,0,0,0,0,,28,0,
293,Adam Gotsis,DEN,25,DE,16,13,0,0,0,0,4,0,0,1,0,0,2,28,13,
294,Corey Graham,PHI,32,s,14,1,2,73,0,59,4,,,,,,,28,4,
295,Jerry Hughes,BUF,29,DE,16,16,,,,,,1,0,0,0,0,4,28,16,
296,Kenny Moore,IND,22,lcb/rcb,16,5,1,25,0,25,5,1,0,0,0,0,,28,5,
297,Josh Shaw,CIN,25,db,16,1,0,0,0,0,3,,,,,,,28,6,
298,Ahkello Witherspoon,SFO,22,LCB,12,9,2,42,0,23,7,1,0,0,0,0,,28,4,
299,Sam Acho,CHI,29,LB,16,12,0,0,0,0,1,1,0,0,0,0,3,27,13,
300,Mario Addison,CAR,30,DE,16,16,0,0,0,0,1,2,0,0,0,0,11,27,17,
301,Briean Boddy-Calhoun,CLE,24,cb/db,13,7,0,0,0,0,6,,,,,,,27,9,
302,Justin Ellis,OAK,27,dt/NT/rdt,16,14,,,,,,,,,,,0.5,27,21,
303,Eddie Goldman,CHI,23,NT,15,15,,,,,,0,0,1,0,0,1.5,27,17,
304,Josh Hawkins,GNB,24,lcb/rcb,15,3,0,0,0,0,6,1,0,0,0,0,,27,10,
305,Danielle Hunter,MIN,23,DE,16,16,0,0,0,0,2,1,0,1,0,0,7,27,18,
306,Clay Matthews,GNB,31,LOLB/rolb,14,14,0,0,0,0,2,1,1,1,63,0,7.5,27,16,
307,Alex Okafor,NOR,26,DE,10,10,0,0,0,0,4,2,0,0,0,0,4.5,27,16,
308,Sheldon Richardson,SEA,27,RDT,15,15,1,5,0,5,1,1,0,2,20,0,1,27,17,
309,Kawann Short,CAR,28,DT,16,16,0,0,0,0,1,2,0,1,11,0,7.5,27,22,
310,John Simon,IND,27,LB,9,9,1,26,1,26,1,,,,,,3,27,15,
311,LeShaun Sims,TEN,24,cb,13,5,1,0,0,0,3,1,0,0,0,0,,27,3,
312,Jimmie Ward,SFO,26,fs,7,6,0,0,0,0,1,0,0,1,43,0,,27,5,
313,Connor Barwin,LAR,31,LB,14,13,,,,,,0,0,1,0,0,5,26,8,
314,Davon Godchaux,MIA,23,dt,15,5,0,0,0,0,1,1,0,0,0,0,,26,14,
315,Nate Hairston,IND,23,cb,14,4,1,21,0,11,5,,,,,,2,26,9,1
316,Eli Harold,SFO,23,LB,16,11,,,,,,,,,,,2,26,8,
317,Janoris Jenkins,NYG,29,CB,9,8,3,113,2,53,9,1,0,0,0,0,,26,4,
318,Eric Murray,KAN,23,cb/s,14,2,0,0,0,0,5,,,,,,1,26,4,
319,Jimmy Smith,BAL,29,RCB,12,12,3,58,1,50,9,0,0,1,47,1,,26,2,
320,Cameron Wake,MIA,35,DE,16,16,,,,,,,,,,,10.5,26,10,
321,Muhammad Wilkerson,NYJ,28,DL,13,12,1,3,0,3,4,,,,,,3.5,26,20,
322,Tyson Alualu,PIT,30,db/de,16,5,0,0,0,0,1,,,,,,4,25,14,
323,Michael Bennett*,SEA,32,DE,16,16,0,0,0,0,1,,,,,,8.5,25,15,
324,Justin Coleman,SEA,24,cb/lcb,16,5,2,58,2,30,9,,,,,,1.5,25,10,
325,Vinny Curry,PHI,29,DE,16,16,,,,,,1,0,0,0,0,3,25,17,
326,Miles Killebrew,DET,24,ss,16,3,1,35,1,35,5,1,0,0,0,0,,25,6,
327,Terence Newman,MIN,39,cb/db,16,7,1,3,0,3,5,,,,,,,25,10,
328,Denzel Perryman,LAC,25,lb,7,6,,,,,,0,0,1,0,0,,25,12,
329,Kevin Pierre-Louis,KAN,26,,14,0,0,0,0,0,2,,,,,,,25,10,
330,Richard Sherman,SEA,29,LCB,9,9,2,20,0,19,7,0,0,1,0,0,,25,10,
331,Mitch Unrein,CHI,30,DE,12,8,,,,,,,,,,,2.5,25,7,
332,Erik Walden,TEN,32,lb,16,2,,,,,,0,0,1,0,0,4,25,11,
333,Chase Allen,MIA,24,lb,16,4,,,,,,1,0,0,0,0,,24,9,
334,Chris Baker,TAM,30,DT,15,14,0,0,0,0,2,,,,,,0.5,24,9,
335,Josh Bynes,ARI,28,lb,14,1,1,25,0,25,3,2,0,0,0,0,1,24,3,
336,Jonathan Casillas,NYG,30,LB,8,8,0,0,0,0,1,,,,,,,24,10,
337,Trevon Coley,CLE,23,DT,15,15,0,0,0,0,2,0,1,1,7,0,2,24,17,
338,Quinton Dunbar,WAS,25,cb,15,4,1,0,0,0,8,,,,,,,24,4,
339,Jordan Evans,CIN,22,lb,15,4,0,0,0,0,3,,,,,,,24,9,
340,Leonard Floyd,CHI,25,LB/lolb,10,10,0,0,0,0,2,0,0,1,21,0,4.5,24,10,1
341,Johnathan Hankins,IND,25,DT/nt/rcb,15,15,0,0,0,0,3,,,,,,2,24,20,
342,Abry Jones,JAX,26,NT,15,15,0,0,0,0,6,1,0,1,0,0,1,24,7,
343,Devon Kennard,NYG,26,LB,15,11,0,0,0,0,2,0,0,1,0,0,4,24,17,
344,Stacy McGee,WAS,27,DE/dl,16,10,0,0,0,0,1,,,,,,,24,20,
345,Captain Munnerlyn,CAR,29,,14,0,0,0,0,0,4,,,,,,2,24,5,
346,Yannick Ngakoue*,JAX,22,DE,16,16,,,,,,6,0,2,67,1,12,24,6,
347,Domata Peko,DEN,33,de/NT,14,14,,,,,,0,0,1,1,0,1,24,14,
348,Frostee Rucker,ARI,34,DL,16,16,0,0,0,0,1,,,,,,1.5,24,6,
349,Cordrea Tankersley,MIA,24,CB,11,11,0,0,0,0,7,,,,,,,24,7,
350,Denico Autry,OAK,27,de/dt/nt,16,3,0,0,0,0,7,,,,,,5,23,13,
351,Vic Beasley,ATL,25,LB,14,8,0,0,0,0,2,1,0,0,0,0,5,23,6,
352,Darius Butler,IND,31,fs,15,4,0,0,0,0,4,2,0,1,32,0,,23,6,
353,Marquis Flowers,NWE,25,lb,16,2,0,0,0,0,1,1,0,0,0,0,3.5,23,7,
354,Phillip Gaines,KAN,26,cb/db/rcb,14,3,0,0,0,0,3,,,,,,,23,7,
355,Willie Henry,BAL,23,de/dt,14,3,0,0,0,0,5,0,0,2,16,0,3.5,23,9,
356,Cassius Marsh,2TM,25,,15,1,,,,,,3,0,0,0,0,3,23,3,
357,Nick Perry,GNB,27,lolb/rolb,12,11,,,,,,1,1,1,1,0,7,23,15,
358,Dontari Poe,ATL,27,DT,16,16,0,0,0,0,2,,,,,,2.5,23,16,
359,D.J. Reader,HOU,23,DE/nt,14,14,,,,,,,,,,,1,23,24,
360,Jarran Reed,SEA,25,LDT,15,15,0,0,0,0,1,1,0,0,0,0,1.5,23,22,
361,Aqib Talib*,DEN,31,LCB,15,15,1,103,1,103,7,1,0,0,0,0,,23,8,
362,Olivier Vernon,NYG,27,DE,12,12,1,0,0,0,1,2,0,0,0,0,6.5,23,14,
363,Eddie Yarbrough,BUF,24,de,16,6,0,0,0,0,2,,,,,,1,23,11,
364,Marcell Dareus,2TM,27,,14,4,,,,,,,,,,,2,22,6,
365,Tyeler Davison,NOR,25,ldt/RDT,16,16,0,0,0,0,1,2,0,0,0,0,,22,9,
366,Rasul Douglas,PHI,22,cb,14,5,2,7,0,7,11,,,,,,,22,2,
367,Clayton Fejedelem,CIN,24,ss,16,5,1,5,0,5,2,,,,,,,22,20,
368,Mason Foster,WAS,28,mlb,5,4,1,10,0,10,1,0,0,1,0,0,0.5,22,8,
369,Shelby Harris,DEN,26,de,16,6,0,0,0,0,3,,,,,,5.5,22,12,
370,Chris Jones,KAN,23,de,16,7,1,-3,0,-3,7,4,0,0,0,0,6.5,22,10,
371,Olsen Pierre,ARI,26,dl/lb,14,7,0,0,0,0,2,1,0,0,0,0,5.5,22,8,
372,Eddie Pleasant,HOU,29,,16,0,1,0,0,0,3,1,0,0,0,0,2,22,5,
373,Brooks Reed,ATL,30,DE,16,14,,,,,,,,,,,4,22,17,
374,Adolphus Washington,BUF,23,ldt/rdt,15,10,0,0,0,0,2,,,,,,1,22,11,
375,Leonard Williams,NYJ,23,DL,16,16,1,6,0,6,1,,,,,,2,22,25,
376,Frank Zombo,KAN,30,nt/ROLB,16,9,,,,,,0,0,1,0,0,1.5,22,17,
377,Allen Bailey,KAN,28,DE/lolb/rolb,14,13,,,,,,,,,,,2,21,17,
378,Jamie Collins,CLE,28,lb,6,6,1,0,0,0,3,1,0,0,0,0,1,21,10,
379,Pierre Desir,IND,27,cb/lcb/rcb,9,6,1,0,0,0,7,,,,,,,21,11,
380,William Gholston,TAM,26,DE,14,10,,,,,,,,,,,,21,15,
381,Javon Hargrave,PIT,24,NT,16,12,0,0,0,0,1,1,0,0,0,0,2,21,11,
382,Kevin King,GNB,22,rcb,9,5,0,0,0,0,5,,,,,,,21,6,
383,Julius Peppers,CAR,37,de,16,5,,,,,,2,0,2,0,0,11,21,12,
384,Robert Quinn,LAR,27,LB,15,14,,,,,,2,0,0,0,0,8.5,21,11,
385,Jalen Reeves-Maybin,DET,22,,14,0,0,0,0,0,2,1,0,0,0,0,0.5,21,4,
386,Rashard Robinson,2TM,22,,14,8,1,0,0,0,7,1,0,1,2,0,,21,7,
387,Kyle Williams,BUF,34,LDT/rdt,16,16,0,0,0,0,2,0,0,1,0,0,3,21,20,
388,Robert Ayers,TAM,32,DE,12,10,,,,,,2,0,0,0,0,2,20,11,
389,Bryce Callahan,CHI,26,cb/db/de,12,6,2,73,0,52,6,1,0,0,0,0,1,20,5,
390,Samson Ebukam,LAR,22,lb,16,2,,,,,,1,0,0,0,0,2,20,2,
391,Chris Long,PHI,32,de,16,1,,,,,,4,0,0,0,0,5,20,8,
392,Josh Martin,NYJ,26,LB,14,9,0,0,0,0,1,,,,,,1.5,20,11,
393,Pernell McPhee,CHI,29,lb/rolb,13,5,0,0,0,0,2,1,0,0,0,0,4,20,1,
394,Tenny Palepoi,LAC,27,,15,0,,,,,,,,,,,1,20,4,
395,Mike Pennel,NYJ,26,dl/lb,16,3,,,,,,,,,,,,20,15,
396,Haason Reddick,ARI,23,lb,16,3,,,,,,2,0,0,0,0,2.5,20,12,
397,Jordan Richards,NWE,24,db/s,16,5,0,0,0,0,1,1,0,0,0,0,,20,2,
398,Keenan Robinson,NYG,28,lb,6,3,0,0,0,0,2,,,,,,,20,12,
399,Danny Shelton,CLE,24,DT,14,13,0,0,0,0,1,,,,,,,20,13,
400,Al Woods,IND,30,NT,16,16,,,,,,,,,,,1,20,24,
401,Paul Worrilow,DET,27,LB,13,8,0,0,0,0,1,0,0,1,0,0,,20,10,
402,Justin Bethel,ARI,27,rcb,16,6,1,82,1,82,4,,,,,,,19,10,
403,Maurice Canady,BAL,23,lcb,8,1,0,0,0,0,1,0,0,1,0,0,,19,5,
404,Frank Clark,SEA,24,DE,16,12,0,0,0,0,2,2,0,1,0,0,9,19,13,
405,Mario Edwards,OAK,23,DE,14,14,,,,,,,,,,,3.5,19,8,
406,Myles Garrett,CLE,22,DE,11,9,0,0,0,0,1,1,0,1,0,0,7,19,12,
407,Adarius Glanton,TAM,27,lb,14,4,0,0,0,0,1,1,0,1,0,1,1,19,7,
408,Jordan Hicks,PHI,25,mlb,7,7,,,,,,0,0,1,0,0,,19,9,
409,Mike Hull,MIA,26,lb,16,3,,,,,,0,0,1,0,0,,19,7,
410,Margus Hunt,IND,30,de,16,5,0,0,0,0,2,,,,,,1,19,10,
411,William Jackson,CIN,25,rcb,15,5,1,75,1,75,13,0,1,0,0,0,1,19,6,
412,Adam Jones,CIN,34,RCB,9,9,1,0,0,0,4,,,,,,,19,4,
413,DaQuan Jones,TEN,26,DE,12,12,,,,,,,,,,,3.5,19,12,
414,Earl Mitchell,SFO,30,LDT,16,16,0,0,0,0,4,0,0,1,0,0,1,19,14,
415,Carl Nassib,CLE,24,DE,16,12,0,0,0,0,5,,,,,,3,19,13,
416,Brennan Scarlett,HOU,24,lb,11,5,0,0,0,0,1,,,,,,2,19,7,
417,Akeem Spence,DET,26,DT,16,11,,,,,,1,0,0,0,0,3,19,20,
418,Stephon Tuitt,PIT,24,DE,12,12,0,0,0,0,2,1,0,0,0,0,3,19,6,
419,Quincy Wilson,IND,21,lcb/rcb,7,5,1,33,0,33,6,,,,,,,19,3,
420,Kenneth Acker,KAN,25,rcb,16,1,1,9,0,9,1,0,0,1,0,0,,18,1,
421,Derek Barnett,PHI,21,,15,0,,,,,,1,0,2,23,1,5,18,3,
422,Jonathan Bullard,CHI,24,de,16,3,0,0,0,0,2,1,0,0,0,0,1,18,8,
423,Juston Burris,NYJ,24,dl,14,1,1,48,0,48,2,1,0,1,0,0,,18,0,
424,Tyrone Crawford,DAL,28,DE,16,14,0,0,0,0,2,1,0,1,0,0,4,18,9,
425,Kyle Emanuel,LAC,26,de/dl/LB,16,11,1,23,0,23,3,,,,,,1.5,18,13,
426,Kyler Fackrell,GNB,26,rolb,16,2,,,,,,0,0,1,0,0,3,18,6,
427,Dante Fowler,JAX,23,,16,0,,,,,,2,0,3,53,1,8,18,3,
428,Joe Haden,PIT,28,LCB/rolb,11,11,1,1,0,1,7,,,,,,1,18,2,
429,Jeremy Lane,SEA,27,lcb/rcb,13,6,,,,,,,,,,,,18,10,
430,Anthony Levine,BAL,30,,16,0,1,8,0,8,3,0,0,1,0,0,3,18,2,
431,Cory Littleton,LAR,24,lb,16,4,1,2,0,2,4,1,0,0,0,0,1,18,13,
432,Dean Lowry,GNB,23,DE,16,11,0,0,0,0,2,0,0,1,62,1,2,18,14,
433,Kareem Martin,ARI,25,dl/LB,16,10,1,7,0,7,3,1,0,0,0,0,1,18,5,
434,Clinton McDonald,TAM,30,dt,14,3,0,0,0,0,1,,,,,,5,18,11,
435,Montae Nicholson,WAS,22,ss,8,6,1,0,0,0,2,,,,,,,18,6,
436,Emmanuel Ogbah,CLE,24,DE,10,10,0,0,0,0,6,2,0,1,0,0,4,18,11,
437,David Onyemata,NOR,25,de/dt/ldt,16,6,0,0,0,0,1,,,,,,2,18,20,
438,Corey Peters,ARI,29,DL,12,12,0,0,0,0,1,,,,,,1,18,4,
439,Cedric Thornton,BUF,29,rdt,15,3,,,,,,,,,,,2,18,9,
440,Michael Wilhoite,SEA,31,LB,14,9,1,0,0,0,1,,,,,,,18,8,
441,Brandon Williams,BAL,28,DT/te,12,12,0,0,0,0,2,0,0,1,1,1,,18,12,
442,Derek Wolfe,DEN,27,DE,11,11,,,,,,,,,,,2,18,13,
443,Kentrell Brice,GNB,23,ss,6,3,1,11,0,11,3,,,,,,,17,4,
444,Jay Bromley,NYG,25,,16,0,0,0,0,0,1,,,,,,1,17,4,
445,Rafael Bush,NOR,30,,14,0,0,0,0,0,1,,,,,,1,17,5,
446,Adrian Clayborn,ATL,29,de,16,2,,,,,,2,0,2,10,1,9.5,17,4,
447,Ryan Davis,BUF,28,,16,0,,,,,,1,0,0,0,0,3,17,9,
448,Leger Douzable,SFO,31,de,5,5,,,,,,,,,,,2,17,2,
449,Brandon Dunn,HOU,25,NT,16,8,,,,,,0,0,1,0,0,,17,9,
450,Joel Heath,HOU,24,DE,13,9,,,,,,,,,,,1,17,7,
451,Tom Johnson,MIN,33,DT,16,15,,,,,,,,,,,2,17,15,
452,Shaq Lawson,BUF,23,DE,11,10,0,0,0,0,2,1,0,0,0,0,4,17,16,
453,Chris McCain,LAC,26,,15,0,,,,,,2,0,0,0,0,5,17,2,
454,Terrell McClain,WAS,29,de,12,2,,,,,,0,0,1,0,0,2,17,3,
455,Larry Ogunjobi,CLE,23,dt,14,1,,,,,,,,,,,1,17,15,
456,Chris Smith,CIN,25,,16,0,0,0,0,0,2,1,0,0,0,0,3,17,9,
457,Jordan Willis,CIN,22,de,16,1,,,,,,,,,,,1,17,8,
458,Damien Wilson,DAL,24,LB,16,9,0,0,0,0,1,,,,,,1,17,12,
459,Vontae Davis,IND,29,rcb,5,5,0,0,0,0,2,,,,,,,16,5,
460,Kavon Frazier,DAL,23,,15,0,,,,,,1,0,0,0,0,,16,10,
461,William Gay,PIT,32,fs,16,1,1,-1,0,-1,3,2,0,0,0,0,,16,3,
462,Duron Harmon,NWE,26,db/s,16,3,4,12,0,12,7,,,,,,,16,7,
463,Troy Hill,LAR,26,cb/rcb,12,3,0,0,0,0,4,0,0,1,0,0,,16,2,
464,Timmy Jernigan,PHI,25,DT,15,15,,,,,,,,,,,2.5,16,13,
465,Matt Longacre,LAR,26,lb,14,1,,,,,,1,0,1,8,0,5.5,16,7,
466,Brandon Mebane,LAC,32,NT,16,16,,,,,,,,,,,,16,14,
467,Kevin Minter,CIN,27,lb/mlb,9,7,,,,,,,,,,,,16,16,
468,Derrick Morgan,TEN,28,LB,14,14,0,0,0,0,2,0,0,2,0,0,7.5,16,16,
469,Darius Philon,LAC,23,dt,16,4,0,0,0,0,1,1,0,0,0,0,4.5,16,15,
470,Sheldon Rankins,NOR,23,de/LDT/rdt,16,16,1,27,0,27,1,1,0,0,0,0,2,16,10,
471,Kevon Seymour,CAR,24,rcb,16,2,0,0,0,0,4,,,,,,,16,3,
472,Derrick Shelby,ATL,28,DE/dt,16,14,,,,,,,,,,,1,16,14,
473,Jaylen Watkins,PHI,26,cb,12,1,,,,,,,,,,,,16,1,
474,Marcus Williams,2TM,26,,15,0,1,2,0,2,4,,,,,,,16,0,
475,Xavier Williams,ARI,25,dl,11,1,,,,,,1,0,0,0,0,0.5,16,4,
476,Deatrich Wise Jr.,NWE,23,de/dt,16,3,0,0,0,0,1,,,,,,5,16,10,
477,Henry Anderson,IND,26,DE,9,8,,,,,,1,0,0,0,0,2,15,7,
478,Zaire Anderson,DEN,25,lb,16,2,,,,,,0,0,1,38,1,,15,5,
479,Johnson Bademosi,NWE,27,rcb,16,3,0,0,0,0,1,,,,,,,15,5,
480,David Bass,2TM,27,,15,2,,,,,,,,,,,3.5,15,9,
481,Taco Charlton,DAL,23,,16,0,0,0,0,0,1,1,0,0,0,0,3,15,4,
482,Marcus Cooper,CHI,27,cb,15,4,0,0,0,0,3,0,1,0,0,0,,15,0,
483,Fletcher Cox*,PHI,27,DT,14,14,0,0,0,0,1,1,0,2,20,1,5.5,15,11,
484,Brandon Dixon,NYG,27,cb/db/rcb,5,5,0,0,0,0,4,1,0,0,0,0,,15,6,
485,Ben Gedeon,MIN,23,cb/LB,16,9,,,,,,,,,,,,15,10,
486,Jeremiah George,IND,25,mlb,16,1,,,,,,0,0,1,0,0,0.5,15,3,
487,Leon Hall,SFO,33,db,9,1,0,0,0,0,1,,,,,,,15,1,
488,Charles Harris,MIA,22,de,16,2,0,0,0,0,2,0,0,1,0,0,2,15,4,
489,David Harris,NWE,33,lb,10,6,0,0,0,0,1,,,,,,1.5,15,7,
490,Malik Hooker,IND,21,fb/fs,7,6,3,73,0,32,4,,,,,,,15,6,
491,Marquel Lee,OAK,22,lb/mlb,13,6,,,,,,,,,,,,15,7,
492,Corey Liuget,LAC,27,DT,12,12,0,0,0,0,2,1,0,0,0,0,1.5,15,6,
493,Josh Mauro,ARI,26,dl,13,7,0,0,0,0,1,,,,,,1,15,7,
494,Takkarist McKinley,ATL,22,,16,0,0,0,0,0,1,2,0,1,0,0,6,15,5,
495,Corey Moore,HOU,24,ss,14,3,0,0,0,0,1,,,,,,,15,6,
496,Brian Robison,MIN,34,de,15,1,0,0,0,0,2,,,,,,4,15,5,
497,Za'Darius Smith,BAL,25,de/dt/lb,14,4,0,0,0,0,1,1,0,0,0,0,3.5,15,9,
498,Tyrunn Walker,LAR,27,dt,16,4,0,0,0,0,4,1,0,1,3,0,1,15,7,
499,Cornelius Washington,DET,28,db/de,15,2,0,0,0,0,4,,,,,,2.5,15,9,
500,Nate Allen,MIA,30,s,7,7,0,0,0,0,1,,,,,,,14,6,
501,David Amerson,OAK,26,lcb,6,6,0,0,0,0,4,0,0,1,0,0,,14,4,
502,Chidobe Awuzie,DAL,22,cb,10,6,1,0,0,0,7,1,0,0,0,0,,14,11,
503,Tank Carradine,SFO,27,de/dl,8,7,,,,,,,,,,,1.5,14,5,
504,Morgan Fox,LAR,23,de,16,1,,,,,,1,0,1,0,0,2.5,14,5,1
505,Junior Galette,WAS,29,,16,0,0,0,0,0,2,1,0,0,0,0,3,14,6,
506,William Hayes,MIA,32,,10,0,,,,,,,,,,,1,14,5,
507,Lamarr Houston,2TM,30,,10,1,0,0,0,0,1,1,0,1,34,1,5,14,3,
508,Austin Johnson,TEN,23,de,16,3,0,0,0,0,1,,,,,,1,14,9,
509,Rey Maualuga,MIA,30,lb,6,4,,,,,,,,,,,,14,9,
510,Nate Orchard,CLE,24,de,16,1,,,,,,1,0,1,0,0,2,14,11,
511,Coty Sensabaugh,PIT,29,lcb,14,4,1,32,0,32,3,,,,,,,14,3,
512,Keith Tandy,TAM,28,s,14,3,,,,,,,,,,,,14,4,
513,Ethan Westbrooks,LAR,27,de/dt/nt,16,9,0,0,0,0,1,,,,,,4,14,9,
514,Ramik Wilson,KAN,25,rilb,8,4,,,,,,0,0,1,11,1,,14,1,
515,Maurice Alexander,LAR,26,ss,4,4,,,,,,,,,,,,13,7,
516,Beau Allen,PHI,26,dt,15,3,,,,,,,,,,,1,13,7,
517,Ahmad Brooks,GNB,33,lb/lolb/rolb,12,5,0,0,0,0,2,,,,,,1.5,13,6,
518,Sheldon Day,2TM,23,,12,0,0,0,0,0,2,,,,,,2,13,6,
519,De'Vante Harris,NOR,24,rcb,11,1,0,0,0,0,2,,,,,,,13,2,
520,Evander Hood,WAS,30,dl/NT,15,13,,,,,,,,,,,0.5,13,12,
521,Matthew Ioannidis,WAS,23,DE,14,10,,,,,,1,0,0,0,0,4.5,13,14,
522,David Irving,DAL,24,DT,8,8,0,0,0,0,6,1,0,0,0,0,7,13,9,
523,Kemal Ishmael,ATL,26,lb,16,1,0,0,0,0,1,0,0,1,0,0,1,13,9,
524,Colin Jones,CAR,30,db/fs/lb/s,16,7,1,10,0,10,2,,,,,,,13,7,
525,Mike Jordan,CLE,25,cb,15,1,0,0,0,0,3,,,,,,,13,4,
526,Karl Klug,TEN,29,,15,0,,,,,,,,,,,1.5,13,5,
527,Benson Mayowa,DAL,26,de,14,2,,,,,,,,,,,1,13,8,
528,Rakeem Nunez-Roches,KAN,24,DE/nt,16,11,,,,,,,,,,,0.5,13,11,
529,Eric Rowe,NWE,25,cb/db/s,8,3,0,0,0,0,2,,,,,,,13,1,
530,Damion Square,LAC,28,,16,0,0,0,0,0,3,0,0,1,0,0,,13,6,
531,Eddie Vanderdoes,OAK,23,dl/DT/ldt,16,13,,,,,,,,,,,,13,5,
532,Mackensie Alexander,MIN,24,,14,0,1,10,0,10,6,,,,,,,12,3,
533,Stephone Anthony,MIA,25,,8,0,,,,,,,,,,,,12,3,
534,Richard Ash,DAL,25,dt,10,2,0,0,0,0,1,,,,,,,12,3,
535,Alan Branch,NWE,33,dt,12,6,,,,,,,,,,,,12,0,
536,Andre Branch,MIA,28,DE,14,14,0,0,0,0,1,,,,,,4.5,12,11,
537,Caleb Brantley,CLE,23,dt,12,1,,,,,,0,0,1,4,0,2,12,6,
538,Ibraheim Campbell,2TM,25,,9,2,0,0,0,0,1,0,0,1,0,0,,12,3,
539,William Compton,WAS,28,mlb,9,3,1,2,0,2,3,,,,,,,12,5,
540,Blake Countess,LAR,24,fs,16,1,1,19,0,19,1,,,,,,,12,4,
541,James Cowser,OAK,27,,16,0,,,,,,1,0,2,0,0,,12,7,
542,Carl Davis,BAL,25,de/dt,15,9,0,0,0,0,1,,,,,,0.5,12,7,
543,Cody Davis,LAR,28,fs,7,2,1,0,0,0,4,,,,,,,12,7,
544,Quinton Dial,GNB,27,dt/nt,13,2,0,0,0,0,1,,,,,,,12,7,
545,Marwin Evans,GNB,24,ss,16,1,,,,,,1,0,0,0,0,,12,1,
546,Ryan Glasgow,CIN,24,de,16,1,,,,,,0,0,1,0,0,,12,11,
547,Najee Goode,PHI,28,lb,16,3,,,,,,,,,,,,12,3,
548,Dont'a Hightower,NWE,27,de/lb,5,5,,,,,,,,,,,2,12,2,
549,Cre'von LeBlanc,CHI,23,cb,15,1,0,0,0,0,3,1,0,0,0,0,1,12,3,
550,Shalom Luani,OAK,23,ss,16,1,0,0,0,0,2,,,,,,,12,4,
551,Hardy Nickerson,CIN,23,mlb,14,2,0,0,0,0,1,,,,,,,12,2,
552,Duke Riley,ATL,23,lb,12,6,,,,,,,,,,,,12,12,
553,Ryan Russell,TAM,25,de,14,6,,,,,,,,,,,2,12,4,
554,Da'Norris Searcy,TEN,29,ss,16,6,1,8,0,8,2,,,,,,,12,11,
555,Grover Stewart,IND,24,,15,0,,,,,,,,,,,,12,11,
556,Sylvester Williams,TEN,29,NT,15,11,,,,,,,,,,,,12,8,
557,Ryan Anderson,WAS,23,,14,0,,,,,,,,,,,,11,3,
558,Alex Anzalone,NOR,23,lb,4,4,0,0,0,0,1,,,,,,1,11,5,
559,Adam Butler,NWE,23,de/dt,16,6,,,,,,,,,,,2,11,8,
560,Will Clarke,TAM,26,de,15,1,0,0,0,0,1,0,0,1,0,0,2.5,11,3,
561,Quintin Demps,CHI,32,s,3,3,,,,,,,,,,,,11,1,
562,Kony Ealy,NYJ,26,dl/lb,15,4,1,9,0,9,9,,,,,,1,11,3,
563,Dee Ford,KAN,26,lcb/rolb,6,6,0,0,0,0,1,1,0,0,0,0,2,11,2,
564,Markus Golden,ARI,24,lb,4,4,,,,,,,,,,,,11,0,
565,Robert Golden,PIT,27,fs,16,2,1,-1,0,-1,2,,,,,,,11,4,
566,Rodney Gunter,ARI,25,dl,16,3,,,,,,,,,,,1,11,6,
567,DeAngelo Hall,WAS,34,cb/ss,5,2,0,0,0,0,2,,,,,,,11,3,
568,Anthony Harris,MIN,26,ss,16,3,0,0,0,0,1,1,0,2,0,0,,11,1,
569,Anthony Lanier,WAS,24,de,11,2,0,0,0,0,6,1,0,1,0,0,5,11,3,
570,Avery Moss,NYG,23,de,11,2,0,0,0,0,2,1,0,0,0,0,,11,3,
571,Kai Nacua,CLE,22,s,16,3,,,,,,,,,,,,11,2,
572,Lenzy Pipkins,GNB,24,rcb,12,1,0,0,0,0,1,,,,,,,11,3,
573,Dawuane Smoot,JAX,22,,16,0,,,,,,,,,,,,11,4,
574,Sean Spence,2TM,27,,7,4,,,,,,,,,,,1,11,8,
575,Vincent Taylor,MIA,23,,13,0,0,0,0,0,1,,,,,,,11,7,
576,J.J. Watt,HOU,28,de,5,5,0,0,0,0,2,,,,,,,11,4,
577,Ronald Blair,SFO,24,de,6,2,,,,,,1,0,0,0,0,2,10,5,
578,Dylan Cole,HOU,23,lb,12,1,2,28,1,25,3,,,,,,1,10,15,
579,Maliek Collins,DAL,22,DT,16,16,,,,,,0,0,2,6,0,2.5,10,12,
580,Christian Covington,HOU,24,de,7,2,,,,,,1,0,0,0,0,1,10,6,
581,Wes Horton,CAR,27,,16,0,,,,,,3,0,0,0,0,5.5,10,6,
582,Nazair Jones,SEA,23,ldt/rdt,11,2,1,24,0,24,3,0,0,1,0,0,2,10,9,
583,Dion Jordan,SEA,27,,5,0,,,,,,1,0,0,0,0,4,10,8,
584,Damontae Kazee,ATL,24,s,16,1,,,,,,2,0,0,0,0,,10,8,
585,Zach Kerr,DEN,27,dl,11,1,0,0,0,0,1,,,,,,0.5,10,9,
586,Carl Lawson,CIN,22,de,16,1,,,,,,,,,,,8.5,10,6,
587,Eric Lee,NWE,23,de/lb,6,5,1,8,0,8,2,,,,,,3.5,10,9,1
588,Jordan Phillips,MIA,25,DT/rdt,13,11,0,0,0,0,3,,,,,,2,10,6,
589,Shane Ray,DEN,24,lb,8,7,,,,,,,,,,,1,10,6,
590,Darrelle Revis,KAN,32,rcb,5,2,0,0,0,0,2,,,,,,,10,1,
591,Teez Tabor,DET,22,cb,10,1,,,,,,,,,,,,10,1,
592,John Timu,CHI,25,lb,11,2,0,0,0,0,1,,,,,,,10,3,
593,Kerry Wynn,NYG,26,de,15,3,,,,,,,,,,,1,10,4,
594,Andrew Billings,CIN,22,dt/nt,15,7,,,,,,,,,,,,9,4,
595,Jairus Byrd,CAR,31,,12,0,,,,,,,,,,,,9,1,
596,Anthony Chickillo,PIT,25,rilb/rolb,16,2,0,0,0,0,1,,,,,,3,9,5,
597,Elvis Dumervil,SFO,33,,16,0,,,,,,,,,,,6.5,9,4,
598,Justin Durant,DAL,32,lb/mlb,7,3,,,,,,,,,,,,9,4,
599,Terence Garvin,SEA,26,lb,15,3,0,0,0,0,1,1,0,0,0,0,1,9,8,
600,Curtis Grant,NYG,25,,10,0,,,,,,0,0,1,3,0,,9,4,
601,Antonio Hamilton,OAK,24,,8,0,,,,,,,,,,,,9,0,
602,Treyvon Hester,OAK,25,dt,14,1,,,,,,1,0,0,0,0,,9,10,
603,Datone Jones,2TM,27,,7,2,0,0,0,0,1,,,,,,1,9,6,
604,Kyle Love,CAR,31,,16,0,,,,,,,,,,,3.5,9,7,
605,Whitney Mercilus,HOU,27,lb,5,5,,,,,,1,0,0,0,0,1,9,1,
606,Pat Sims,CIN,32,NT,14,8,,,,,,,,,,,0.5,9,16,
607,Tanzel Smart,LAR,23,dt/nt,16,4,0,0,0,0,1,,,,,,,9,5,
608,Tye Smith,TEN,24,cb,15,1,1,14,0,14,1,,,,,,,9,3,
609,Shamar Stephen,MIN,26,dt,15,1,,,,,,,,,,,1,9,19,
610,Michael Thomas,MIA,27,s,13,2,0,0,0,0,1,,,,,,,9,7,
611,Leterrius Walton,PIT,25,,16,0,0,0,0,0,1,,,,,,2,9,3,
612,Carlos Watkins,HOU,24,de,12,6,0,0,0,0,1,,,,,,,9,12,
613,J.J. Wilcox,PIT,26,fs,12,1,1,0,0,0,1,,,,,,,9,3,
614,Tyrell Adams,OAK,25,,6,0,,,,,,,,,,,,8,7,
615,Eli Ankou,JAX,23,,9,0,,,,,,,,,,,1.5,8,7,
616,Arik Armstead,SFO,24,de,6,6,0,0,0,0,1,,,,,,1.5,8,8,
617,Johnthan Banks,HOU,28,cb,3,1,,,,,,,,,,,,8,2,
618,Angelo Blackson,HOU,25,de,9,1,0,0,0,0,1,,,,,,,8,1,
619,Vernon Butler,CAR,23,,14,0,0,0,0,0,1,,,,,,,8,5,
620,Brian Cushing,HOU,30,lb/mlb,5,5,,,,,,,,,,,1.5,8,8,
621,Kurtis Drummond,HOU,25,,15,0,,,,,,,,,,,1,8,1,
622,Trae Elston,2TM,23,,14,1,1,22,0,22,1,,,,,,,8,7,
623,Kamu Grugier-Hill,PHI,23,,16,0,,,,,,1,0,0,0,0,,8,1,
624,Jelani Jenkins,HOU,25,lb,7,1,,,,,,,,,,,,8,2,
625,D.J. Jones,SFO,22,,9,0,0,0,0,0,1,,,,,,,8,2,
626,Emmanuel Lamur,MIN,28,,16,0,0,0,0,0,1,0,0,1,0,0,,8,6,
627,Brice McCain,TEN,31,cb,16,1,0,0,0,0,3,,,,,,,8,2,
628,Jamie Meder,CLE,26,dt,10,2,,,,,,,,,,,,8,5,
629,Quinten Rollins,GNB,25,cb,6,1,0,0,0,0,2,0,0,2,0,0,,8,9,
630,KeiVarae Russell,CIN,24,,8,0,,,,,,,,,,,,8,0,
631,Marcus Smith,SEA,25,,14,0,0,0,0,0,1,2,0,0,0,0,2.5,8,6,
632,Anthony Walker,IND,22,lb,10,2,,,,,,,,,,,,8,11,
633,Vince Biegel,GNB,24,,9,0,,,,,,,,,,,,7,3,
634,Tyus Bowser,BAL,22,,16,0,1,27,0,27,3,,,,,,3,7,2,
635,Blair Brown,JAX,23,lb,13,2,,,,,,,,,,,0.5,7,3,
636,Xavier Cooper,2TM,26,,13,0,0,0,0,0,1,,,,,,1.5,7,10,
637,Terrence Fede,MIA,26,,16,0,,,,,,0,0,1,0,0,,7,3,
638,Jerrell Freeman,CHI,31,lb,1,1,,,,,,,,,,,,7,3,
639,Nigel Harris,3TM,23,,8,1,,,,,,,,,,,,7,2,
640,Trey Hendrickson,NOR,23,,12,0,0,0,0,0,2,1,0,0,0,0,2,7,6,
641,Branden Jackson,SEA,25,,12,0,0,0,0,0,1,,,,,,0.5,7,4,
642,Ricky Jean-Francois,2TM,31,,12,1,,,,,,,,,,,,7,5,
643,Jarvis Jenkins,KAN,29,de,11,1,,,,,,,,,,,1,7,2,
644,Tanoh Kpassagnon,KAN,23,rolb,16,1,,,,,,,,,,,2,7,6,
645,Tyler Matakevich,PIT,25,,15,0,0,0,0,0,1,,,,,,,7,2,
646,David Mayo,CAR,24,mlb,16,1,0,0,0,0,1,,,,,,,7,6,
647,Tony McDaniel,2TM,32,,5,0,0,0,0,0,1,1,0,0,0,0,,7,1,
648,Haloti Ngata,DET,33,dt,5,5,0,0,0,0,1,,,,,,2,7,0,
649,Curtis Riley,TEN,25,,7,0,1,2,0,2,2,,,,,,,7,4,
650,Roy Robertson-Harris,CHI,24,,13,0,0,0,0,0,1,0,0,1,0,0,2,7,5,
651,Ahtyba Rubin,2TM,31,,12,0,,,,,,,,,,,,7,8,
652,Destiny Vaeao,PHI,23,,11,0,0,0,0,0,1,,,,,,,7,3,
653,Alterraun Verner,MIA,29,cb/lb,15,2,0,0,0,0,4,1,0,0,0,0,,7,1,
654,DeMarcus Walker,DEN,23,,10,0,,,,,,,,,,,1,7,0,
655,Jamal Carter,DEN,23,,16,0,0,0,0,0,1,,,,,,,6,2,
656,Kamalei Correa,BAL,23,lb,16,3,0,0,0,0,1,,,,,,,6,2,
657,Donte Deayon,NYG,23,,4,0,0,0,0,0,1,,,,,,,6,1,
658,Treston Decoud,HOU,24,,10,0,0,0,0,0,1,0,0,1,0,0,,6,1,
659,Dannell Ellerbe,PHI,32,mlb,3,2,,,,,,,,,,,,6,2,
660,Bryce Hager,LAR,25,lb,16,1,0,0,0,0,1,1,0,1,0,0,,6,2,
661,James Harrison,2TM,39,,6,0,,,,,,1,0,0,0,0,3,6,2,
662,Josh Harvey-Clemons,WAS,23,,10,0,0,0,0,0,1,,,,,,0.5,6,5,
663,Quinton Jefferson,SEA,24,,6,0,,,,,,,,,,,1,6,1,
664,Hau'oli Kikaha,NOR,25,lb,12,1,0,0,0,0,1,,,,,,4,6,4,
665,Jeremiah Ledbetter,DET,23,,16,0,,,,,,,,,,,0.5,6,8,
666,Star Lotulelei,CAR,28,DT,16,16,0,0,0,0,1,0,0,1,0,0,1.5,6,19,
667,Rontez Miles,NYJ,29,,13,0,,,,,,,,,,,,6,2,
668,Darryl Morris,NYG,27,,5,0,0,0,0,0,1,,,,,,,6,5,
669,Kevin Peterson,LAR,23,lcb,6,1,2,42,0,38,6,0,1,1,0,0,,6,4,
670,Garrison Smith,SEA,26,,8,0,,,,,,,,,,,,6,3,
671,Julian Stanford,NYJ,27,lb,16,1,,,,,,,,,,,,6,2,
672,Charles Washington,DET,24,,16,0,,,,,,,,,,,,6,1,
673,Jamal Agnew+,DET,22,,13,0,,,,,,0,3,3,0,0,,5,0,
674,Jeremiah Attaochu,LAC,24,,4,0,,,,,,,,,,,,5,1,
675,Tarell Basham,IND,23,,15,0,,,,,,1,0,0,0,0,2,5,2,
676,Nick Bellore,DET,28,mlb,13,2,,,,,,,,,,,,5,1,
677,Freddie Bishop,NYJ,27,,5,0,,,,,,0,0,1,0,0,,5,5,
678,Tramaine Brock,MIN,29,,11,0,0,0,0,0,1,,,,,,,5,1,
679,Terrence Brooks,NYJ,25,db,15,1,2,13,0,13,3,,,,,,,5,2,
680,Nolan Carroll,DAL,30,cb,2,2,,,,,,,,,,,,5,0,
681,Chuck Clark,BAL,22,,15,0,0,0,0,0,1,,,,,,,5,0,
682,Gareon Conley,OAK,22,,2,0,0,0,0,0,1,,,,,,,5,2,
683,Justin Currie,CLE,24,,3,0,,,,,,,,,,,1,5,1,
684,Javien Elliott,TAM,24,cb,15,1,,,,,,,,,,,,5,0,
685,A.J. Francis,WAS,27,,6,0,,,,,,,,,,,,5,13,
686,Clayton Geathers,IND,25,fs,5,1,,,,,,,,,,,,5,3,
687,C.J. Goodwin,2TM,27,,14,0,,,,,,,,,,,,5,0,
688,John Jenkins,CHI,28,nt,8,1,,,,,,,,,,,,5,3,
689,George Johnson,2TM,30,,7,0,0,0,0,0,1,,,,,,2.5,5,2,
690,Ufomba Kamalu,HOU,25,lb,9,2,,,,,,,,,,,2,5,1,
691,Aaron Lynch,SFO,24,,7,0,,,,,,0,0,1,0,0,1,5,4,
692,Michael Mauti,NOR,27,lb,11,2,,,,,,1,0,0,0,0,,5,3,
693,Obi Melifonwu,OAK,23,db,5,1,,,,,,,,,,,,5,1,
694,Sterling Moore,NOR,27,,6,0,0,0,0,0,2,1,0,0,0,0,,5,0,
695,Deiontrez Mount,DEN,24,,7,0,,,,,,,,,,,,5,1,
696,Brian Peters,HOU,29,,16,0,,,,,,,,,,,,5,3,
697,Brian Price,DAL,23,,8,0,0,0,0,0,1,,,,,,,5,3,
698,Chris Prosinski,CHI,30,db/s,3,3,,,,,,,,,,,,5,3,
699,Hassan Ridgeway,IND,23,dt,13,1,,,,,,,,,,,3,5,9,1
700,Terrance Smith,KAN,24,lilb,15,1,1,7,0,7,2,,,,,,,5,1,
701,Noah Spence,TAM,23,de,6,3,,,,,,1,0,0,0,0,1,5,4,
702,Joe Thomas,GNB,26,lb,12,1,0,0,0,0,1,,,,,,0.5,5,7,
703,Robert Thomas,NYG,26,,15,0,,,,,,,,,,,,5,11,
704,Courtney Upshaw,ATL,28,,13,0,,,,,,1,0,0,0,0,1,5,4,
705,Jeremiah Valoaga,DET,23,,9,0,,,,,,,,,,,1,5,0,
706,Tim Williams,BAL,24,,8,0,,,,,,,,,,,,5,1,
707,Chris Wormley,BAL,24,de,7,2,,,,,,,,,,,,5,0,
708,Brandon Bell,CIN,22,,3,0,,,,,,,,,,,,4,3,
709,Eric Berry,KAN,29,s,1,1,,,,,,,,,,,,4,3,
710,Shilique Calhoun,OAK,25,,9,0,,,,,,,,,,,,4,2,
711,Marqui Christian,LAR,23,,12,0,,,,,,,,,,,,4,2,
712,Bryan Cox,CAR,23,,7,0,,,,,,0,0,1,15,0,,4,2,
713,Demetrious Cox,CAR,23,,4,0,,,,,,,,,,,,4,0,
714,Kevin Dodd,TEN,25,,9,0,,,,,,,,,,,,4,3,
715,Dylan Donahue,NYJ,25,,4,0,,,,,,,,,,,,4,1,
716,John Hughes,NOR,29,,8,0,,,,,,,,,,,,4,6,
717,Rayshawn Jenkins,LAC,23,,15,0,0,0,0,0,1,,,,,,,4,1,
718,Charles Johnson,CAR,31,DE,12,11,0,0,0,0,1,,,,,,,4,12,
719,Cameron Malveaux,MIA,23,,4,0,,,,,,,,,,,1,4,1,
720,Chris Maragos,PHI,30,s,6,1,,,,,,,,,,,,4,2,
721,Harlan Miller,ARI,23,,5,0,,,,,,0,0,1,0,0,,4,2,
722,Christopher Milton,IND,25,,14,0,,,,,,0,0,1,0,0,,4,0,
723,Arthur Moats,PIT,29,,14,0,,,,,,,,,,,,4,1,
724,Fabian Moreau,WAS,23,,16,0,0,0,0,0,1,,,,,,,4,3,
725,Robert Nelson,NYJ,27,,2,0,,,,,,,,,,,,4,0,
726,Robert Nkemdiche,ARI,23,,12,0,,,,,,1,0,1,21,1,,4,7,
727,Kyle Peko,DEN,24,,6,0,,,,,,,,,,,,4,2,
728,Keith Reaser,2TM,26,,2,0,0,0,0,0,2,,,,,,1,4,0,
729,Trevor Reilly,NWE,29,lb,6,1,,,,,,,,,,,,4,2,
730,Marcus Rios,DEN,23,,5,0,0,0,0,0,1,,,,,,,4,0,
731,Isaac Rochell,LAC,22,,3,0,,,,,,,,,,,1,4,0,
732,Daniel Ross,DAL,24,,3,0,,,,,,0,1,1,6,0,1,4,1,
733,Cameron Sutton,PIT,22,lcb,5,1,0,0,0,0,1,,,,,,,4,1,
734,Joe Walker,PHI,25,mlb,12,3,0,0,0,0,1,,,,,,,4,4,
735,Stephen Weatherly,MIN,23,,15,0,,,,,,,,,,,,4,0,
736,Xavier Woodson-Luster,OAK,22,,14,0,,,,,,,,,,,,4,3,
737,Willie Young,CHI,32,lb,4,2,,,,,,,,,,,2,4,3,
738,Jonathan Allen,WAS,22,de,5,5,,,,,,,,,,,1,3,7,
739,Jonathan Anderson,CHI,26,,12,0,,,,,,,,,,,,3,1,
740,Chris Banjo,NOR,27,,16,0,1,0,0,0,1,1,0,1,0,0,,3,1,
741,Devante Bond,TAM,24,lb,14,2,,,,,,,,,,,,3,1,
742,Nordly Capi,2TM,25,,8,0,,,,,,1,0,0,0,0,1,3,2,
743,Deandre Coleman,BUF,26,,6,0,,,,,,,,,,,,3,4,
744,Jack Crawford,ATL,29,,4,0,,,,,,,,,,,,3,2,
745,Michael Davis,LAC,22,,15,0,0,0,0,0,1,,,,,,,3,1,
746,Ukeme Eligwe,KAN,23,lolb,14,1,,,,,,,,,,,1,3,0,
747,Dwight Freeney,2TM,37,,9,0,0,0,0,0,1,,,,,,3,3,0,
748,Jonathan Freeny,3TM,28,,6,0,,,,,,,,,,,,3,1,
749,Dominique Hatfield,LAR,23,,11,0,,,,,,,,,,,,3,0,
750,Jayron Kearse,MIN,23,,15,0,,,,,,,,,,,,3,1,
751,Darius Latham,OAK,23,,3,0,,,,,,,,,,,,3,4,
752,LaTroy Lewis,HOU,24,,2,0,,,,,,,,,,,1,3,0,
753,Keith McGill,OAK,28,,13,0,,,,,,0,0,2,0,0,,3,0,
754,Leon McQuay,KAN,23,s,1,1,0,0,0,0,1,,,,,,,3,1,
755,Steven Means,PHI,27,,6,0,,,,,,,,,,,1,3,0,
756,Damontre Moore,DAL,25,,3,0,,,,,,,,,,,,3,2,
757,Lewis Neal,DAL,22,,7,0,,,,,,,,,,,,3,5,
758,Chris Odom,GNB,23,,7,0,,,,,,,,,,,,3,3,
759,Stephen Paea,DAL,29,dt,4,4,,,,,,,,,,,,3,1,
760,Elijah Qualls,PHI,22,,6,0,,,,,,,,,,,,3,1,
761,Patrick Ricard,BAL,23,,16,0,,,,,,,,,,,,3,2,
762,Sealver Siliga,TAM,27,,8,0,,,,,,,,,,,,3,5,
763,Dymonte Thomas,DEN,24,,3,0,,,,,,,,,,,,3,4,
764,Carlos Thompson,LAR,25,lb,3,1,,,,,,,,,,,,3,0,
765,Khyri Thornton,DET,28,,4,0,,,,,,,,,,,,3,1,
766,Brent Urban,BAL,26,db/de,3,3,0,0,0,0,1,,,,,,,3,1,
767,Dekoda Watson,SFO,29,,14,0,,,,,,,,,,,,3,1,
768,D.J. White,IND,24,,2,0,,,,,,,,,,,,3,0,
769,Jermaine Whitehead,GNB,24,,10,0,0,0,0,0,1,,,,,,,3,2,
770,Jarrod Wilson,JAX,23,,15,0,,,,,,0,0,1,0,0,,3,0,
771,Blidi Wreh-Wilson,ATL,28,cb,8,1,0,0,0,0,1,,,,,,,3,1,
772,Walt Aikens,MIA,26,,16,0,,,,,,1,0,0,0,0,,2,0,
773,D.J. Alexander,SEA,26,,12,0,,,,,,,,,,,,2,0,
774,Cliff Avril,SEA,31,de,4,4,,,,,,,,,,,1,2,0,
775,Bene Benwikere,DAL,26,,12,0,0,0,0,0,1,0,0,1,0,0,,2,0,
776,Antone Exum,SFO,26,fs,2,1,,,,,,,,,,,,2,1,
777,L.J. Fort,PIT,27,,15,0,0,0,0,0,4,,,,,,1,2,0,
778,Reggie Gilbert,GNB,24,,2,0,,,,,,,,,,,1,2,0,
779,Isaiah Irving,CHI,23,,7,0,,,,,,0,0,1,0,0,,2,0,
780,Lorenzo Jerome,SFO,23,,4,0,,,,,,,,,,,,2,1,
781,Howard Jones,CHI,27,,4,0,,,,,,,,,,,1,2,1,
782,Sidney Jones,PHI,21,,1,0,,,,,,,,,,,,2,0,
783,David King,TEN,28,,7,0,,,,,,,,,,,1,2,1,
784,Brendan Langley,DEN,23,,11,0,,,,,,,,,,,,2,0,
785,Jordan Lucas,MIA,24,,11,0,,,,,,,,,,,,2,0,
786,Cameron Lynch,2TM,24,,14,0,,,,,,0,0,1,0,0,,2,0,
787,Joey Mbu,IND,24,,7,0,,,,,,,,,,,,2,1,
788,Dexter McDougle,2TM,26,,9,0,,,,,,,,,,,,2,0,
789,Tony McRae,2TM,24,,9,0,,,,,,,,,,,,2,0,
790,Roy Miller,KAN,30,,7,0,0,0,0,0,1,,,,,,,2,4,
791,Corey Nelson,DEN,25,,5,0,,,,,,,,,,,,2,2,
792,Tyler Patmon,JAX,26,,13,0,,,,,,,,,,,,2,2,
793,Tyvis Powell,SFO,23,,3,0,,,,,,,,,,,,2,1,
794,Christian Ringo,DET,25,,6,0,,,,,,,,,,,,2,1,
795,Darryl Tapp,TAM,33,de,3,1,,,,,,,,,,,1,2,0,
796,Charles Tapper,DAL,24,,2,0,,,,,,,,,,,1,2,1,
797,Steven Terrell,KAN,27,,10,0,1,8,0,8,3,,,,,,,2,1,
798,Peyton Thompson,JAX,27,,16,0,,,,,,,,,,,,2,1,
799,Neiko Thorpe,SEA,27,,14,0,0,0,0,0,2,0,0,1,0,0,,2,0,
800,Kyle Wilber,DAL,28,,16,0,,,,,,1,0,0,0,0,,2,2,
801,Montravius Adams,GNB,22,,7,0,,,,,,,,,,,,1,1,
802,Brandon Banks,WAS,23,,1,0,,,,,,,,,,,,1,0,
803,Michael Bennett,JAX,24,,1,0,0,0,0,0,1,,,,,,,1,0,
804,Nat Berhe,NYG,26,,15,0,,,,,,,,,,,1,1,1,
805,Tashawn Bower,MIN,22,,2,0,,,,,,,,,,,1,1,0,
806,Kentrell Brothers,MIN,24,,16,0,,,,,,,,,,,,1,1,
807,Riley Bullough,TAM,24,,3,0,,,,,,,,,,,,1,0,
808,Marcus Burley,HOU,27,,5,0,,,,,,,,,,,,1,0,
809,Deon Bush,CHI,24,,13,0,,,,,,,,,,,,1,2,
810,Chunky Clements,HOU,23,,2,0,,,,,,,,,,,0.5,1,1,
811,Jamison Crowder,WAS,24,wr,15,6,,,,,,0,6,1,0,0,,1,0,
812,Alex Erickson,CIN,25,,16,0,,,,,,0,6,4,0,0,,1,0,
813,Jerrol Garcia-Williams,DEN,24,,11,0,,,,,,,,,,,,1,0,
814,Geneo Grissom,NWE,25,,8,0,,,,,,,,,,,,1,0,
815,Tamba Hali,KAN,34,,5,0,,,,,,,,,,,,1,0,
816,Justin Hamilton,2TM,24,,4,1,,,,,,,,,,,0.5,1,2,
817,Rickey Hatley,BUF,23,,1,0,,,,,,,,,,,,1,0,
818,Jaylen Hill,BAL,23,,6,0,0,0,0,0,1,0,0,1,0,0,,1,0,
819,Isaiah Johnson,LAR,25,,1,0,,,,,,,,,,,,1,4,
820,Bronson Kaufusi,BAL,26,de,3,1,,,,,,,,,,,,1,3,
821,Deon Lacey,BUF,27,,16,0,,,,,,,,,,,,1,0,
822,Steve Longa,DET,23,,15,0,,,,,,,,,,,,1,1,
823,Stefan McClure,WAS,24,,7,0,,,,,,,,,,,,1,0,
824,Dexter McCoil,2TM,26,,10,0,,,,,,,,,,,,1,0,
825,Lerentee McCray,JAX,27,,13,0,0,0,0,0,1,,,,,,1.5,1,2,
826,Daniel McCullers,PIT,25,,5,0,,,,,,,,,,,,1,0,
827,T.Y. McGill,CLE,25,,3,0,,,,,,,,,,,,1,0,
828,Sherrick McManis,CHI,30,,13,0,,,,,,0,0,1,0,0,,1,0,
829,Torry McTyer,MIA,22,,7,0,,,,,,,,,,,,1,0,
830,Ifeanyi Momah,ARI,28,te,9,2,,,,,,,,,,,,1,0,
831,Sharrod Neasman,ATL,26,,11,0,,,,,,0,1,0,-6,0,,1,0,
832,Romeo Okwara,NYG,22,,6,0,,,,,,,,,,,,1,2,
833,Claude Pelon,NYJ,25,,1,0,,,,,,,,,,,,1,1,
834,Lafayette Pitts,2TM,25,,16,0,,,,,,,,,,,,1,1,
835,Gimel President,HOU,24,,4,0,,,,,,,,,,,,1,1,
836,LaRoy Reynolds,ATL,27,,9,0,,,,,,,,,,,,1,1,
837,Jalen Richard,OAK,24,rb,16,1,,,,,,0,8,3,0,0,,1,0,
838,Pete Robertson,WAS,25,,4,0,,,,,,,,,,,,1,1,
839,Kyle Rudolph*,MIN,28,TE,16,16,,,,,,,,,,,,1,0,
840,Marcus Sherels,MIN,30,,16,0,,,,,,0,1,1,0,0,,1,0,
841,C.J. Smith,CLE,24,,3,0,,,,,,,,,,,,1,0,
842,Jacquies Smith,2TM,27,,3,0,,,,,,,,,,,,1,0,
843,Maurice Smith,MIA,22,,6,0,0,0,0,0,1,,,,,,,1,0,
844,Shane Smith,NYG,24,fb/te,11,4,,,,,,,,,,,,1,0,
845,Jordan Taylor,DEN,25,wr,10,2,,,,,,0,1,1,0,0,,1,0,
846,Cam Thomas,KAN,31,,1,0,0,0,0,0,1,,,,,,,1,0,
847,Joe Vellano,ATL,29,,4,0,,,,,,,,,,,,1,3,
848,Jason Verrett,LAC,26,rcb,1,1,,,,,,,,,,,,1,0,
849,Jihad Ward,OAK,23,de,5,1,,,,,,,,,,,1,1,1,
850,Sean Weatherspoon,ATL,30,,2,0,,,,,,,,,,,,1,0,
851,Jordan Williams,NYG,24,,1,0,,,,,,,,,,,,1,1,
852,Jerel Worthy,BUF,27,,5,0,,,,,,,,,,,,1,4,
853,Gabe Wright,MIA,25,,1,0,0,0,0,0,1,,,,,,,1,0,
854,Scooby Wright,ARI,23,,10,0,,,,,,,,,,,,1,0,
855,Jared Abbrederis,DET,27,,7,0,,,,,,1,0,0,0,0,,,,
856,Nelson Agholor,PHI,24,WR,16,10,,,,,,0,0,1,0,1,,,,
857,Dwayne Allen,NWE,27,p/TE,16,8,,,,,,0,0,1,0,0,,,,
858,Keenan Allen*,LAC,25,WR,16,15,1,32,0,32,1,0,1,1,27,1,,,,
859,David Andrews,NWE,25,C,14,14,,,,,,0,0,2,0,0,,,,
860,Terron Armstead,NOR,26,LT,10,10,,,,,,0,0,1,0,0,,,,
861,Cameron Artis-Payne,CAR,27,,13,0,,,,,,0,0,2,0,0,,,,
862,Tavon Austin,LAR,27,WR,16,9,,,,,,0,5,2,0,0,,,,
863,Akeem Ayers,NYG,28,,6,0,,,,,,,,,,,,0,1,
864,Peyton Barber,TAM,23,rb,16,4,,,,,,0,2,1,0,0,,,,
865,Kenjon Barner,PHI,28,rb,13,1,,,,,,0,3,3,0,0,,,,
866,Alex Barrett,DET,23,,2,0,,,,,,,,,,,,0,1,
867,C.J. Beathard,SFO,24,qb,7,5,,,,,,0,3,1,0,0,,,,
868,Caleb Benenoch,TAM,23,rt,13,5,,,,,,0,0,1,0,0,,,,
869,Travis Benjamin,LAC,28,wr,16,3,,,,,,0,2,2,0,0,,,,
870,Alfred Blue,HOU,26,,11,0,,,,,,2,0,0,0,0,,,,
871,Austin Blythe,LAR,25,lg,16,1,,,,,,0,0,1,0,0,,,,
872,Russell Bodine,CIN,25,C,16,16,,,,,,0,1,1,0,0,,,,
873,Victor Bolden,SFO,22,,9,0,,,,,,1,0,0,0,0,,,,
874,Devontae Booker,DEN,25,,13,0,,,,,,0,2,1,0,0,,,,
875,Alex Boone,ARI,30,LG,14,13,,,,,,0,0,1,0,0,,,,
876,Blake Bortles,JAX,25,QB,16,16,,,,,,0,9,3,-6,0,,,,
877,Matthew Bosher,ATL,30,P,16,0,,,,,,0,0,1,0,0,,,,
878,Kendrick Bourne,SFO,22,,11,0,,,,,,1,0,0,0,0,,,,
879,Nick Boyle,BAL,24,TE,15,11,,,,,,1,0,1,0,0,,,,
880,Tom Brady*+,NWE,40,QB,16,16,,,,,,0,7,2,-24,0,,,,
881,Drew Brees*,NOR,38,QB,16,16,,,,,,0,5,3,-12,0,,,,
882,Matt Breida,SFO,22,,16,0,,,,,,0,1,1,0,0,,,,
883,Jacoby Brissett,IND,25,QB,16,15,,,,,,0,8,5,-13,0,,,,
884,Justin Britt,SEA,26,C,16,16,,,,,,0,1,1,0,0,,,,
885,Antonio Brown*+,PIT,29,WR,14,14,,,,,,0,4,1,0,0,,,,
886,Jaron Brown,ARI,27,WR,16,8,,,,,,0,0,1,0,0,,,,
887,Martavis Bryant,PIT,26,WR,15,8,,,,,,0,0,1,0,0,,,,
888,Trey Burton,PHI,26,te,15,1,,,,,,0,0,1,0,0,,,,
889,Damiere Byrd,CAR,24,wr,8,3,,,,,,0,0,1,0,0,,,,
890,Michael Campanaro,BAL,26,,13,0,,,,,,0,4,2,0,0,,,,
891,Don Carey,DET,30,,13,0,,,,,,1,0,0,0,0,,,,
892,James Carpenter,NYJ,28,LG,16,16,,,,,,0,0,2,0,0,,,,
893,Derek Carr*,OAK,26,QB,15,15,,,,,,0,8,1,-2,0,,,,
894,Anthony Castonzo,IND,29,LT,16,16,,,,,,0,0,1,0,0,,,,
895,Orson Charles,KAN,26,,5,0,,,,,,0,0,1,0,0,,,,
896,Chris Clark,HOU,32,LT,10,8,,,,,,0,0,1,0,0,,,,
897,Kaelin Clay,2TM,25,,13,2,,,,,,0,3,1,0,0,,,,
898,Corey Clement,PHI,23,,16,0,,,,,,0,0,1,0,0,,,,
899,Keelan Cole,JAX,24,wr,16,6,,,,,,0,2,1,0,0,,,,
900,Alex Collins,BAL,23,RB,15,12,,,,,,0,4,1,0,0,,,,
901,Jonathan Cooper,DAL,27,LG,13,13,,,,,,0,0,1,0,0,,,,
902,Pharoh Cooper*+,LAR,22,wr,16,1,,,,,,0,3,1,0,0,,,,
903,Kirk Cousins,WAS,29,QB,16,16,,,,,,0,13,4,-52,0,,,,
904,Michael Crabtree,OAK,30,WR,14,14,,,,,,0,1,1,0,0,,,,
905,Isaiah Crowell,CLE,24,RB,16,16,,,,,,0,1,1,0,0,,,,
906,Jeff Cumberland,LAC,30,te,7,3,,,,,,0,0,1,0,0,,,,
907,Jay Cutler,MIA,34,QB,14,14,,,,,,0,6,6,-5,0,,,,
908,Andy Dalton,CIN,30,QB,16,16,,,,,,0,4,1,-4,0,,,,
909,Julie'n Davenport,HOU,22,lt/t,11,4,,,,,,0,0,1,0,0,,,,
910,Mike Davis,SEA,24,rb,6,6,,,,,,0,0,1,0,0,,,,
911,Dion Dawkins,BUF,23,LT/rt,16,11,,,,,,0,0,2,0,0,,,,
912,Kasim Edebali,2TM,28,,13,0,,,,,,,,,,,,0,1,
913,Lavar Edwards,CLE,27,,3,0,,,,,,,,,,,,0,2,
914,Bruce Ellington,HOU,26,wr,11,6,,,,,,0,1,2,4,0,,,,
915,Jahri Evans,GNB,34,lg/RG,14,14,,,,,,0,0,1,0,0,,,,
916,Mike Evans,TAM,24,WR,15,15,,,,,,0,1,1,0,0,,,,
917,Joe Flacco,BAL,32,QB,16,16,,,,,,0,6,4,-3,0,,,,
918,Ereck Flowers,NYG,23,LT,15,15,,,,,,0,0,1,0,0,,,,
919,Nick Foles,PHI,28,qb,7,3,,,,,,0,6,3,-8,0,,,,
920,Leonard Fournette,JAX,22,RB,13,13,,,,,,0,2,2,0,0,,,,
921,Bennie Fowler,DEN,26,wr,16,4,,,,,,0,1,1,0,0,,,,
922,Travis Frederick*,DAL,26,C,16,16,,,,,,1,2,1,7,0,,,,
923,Blaine Gabbert,ARI,28,qb,5,5,,,,,,0,7,3,-11,0,,,,
924,Wayne Gallman,NYG,23,rb,13,1,,,,,,0,3,2,0,0,,,,
925,Max Garcia,DEN,26,LG,16,16,,,,,,0,0,1,0,0,,,,
926,Ben Garland,ATL,29,lg,16,3,,,,,,0,0,1,0,0,,,,
927,Jimmy Garoppolo,SFO,26,qb,6,5,,,,,,0,1,1,-1,0,,,,
928,Nathan Gerry,PHI,22,lb,10,1,0,0,0,0,1,,,,,,,0,1,
929,Breno Giacomini,HOU,32,RT,16,16,,,,,,0,0,1,0,0,,,,
930,Ted Ginn,NOR,32,WR,15,10,,,,,,0,2,2,0,0,,,,
931,Mike Glennon,CHI,28,qb,4,4,,,,,,0,5,3,-1,0,,,,
932,Chris Godwin,TAM,21,wr,16,2,,,,,,0,0,1,0,0,,,,
933,Marquise Goodwin,SFO,27,WR,16,16,,,,,,1,0,0,0,0,,,,
934,Frank Gore,IND,34,RB,16,16,,,,,,0,3,2,-8,0,,,,
935,Jakeem Grant,MIA,25,,16,0,,,,,,0,2,2,-13,0,,,,
936,A.J. Green*,CIN,29,WR,16,16,0,0,0,0,1,0,2,0,0,0,,,,
937,Rob Gronkowski*+,NWE,28,TE,14,14,0,0,0,0,1,0,1,0,0,0,,,,
938,Todd Gurley*+,LAR,23,RB,15,15,,,,,,0,5,1,0,0,,,,
939,Obum Gwacham,NYJ,26,,5,0,,,,,,,,,,,,0,2,
940,Jon Halapio,NYG,26,rg,10,6,,,,,,0,0,1,0,0,,,,
941,Justin Hardy,ATL,26,wr,16,1,,,,,,0,1,1,0,0,,,,
942,Steven Hauschka,BUF,32,K,16,0,,,,,,1,0,0,0,0,,,,
943,Rob Havenstein,LAR,25,RT,15,15,,,,,,0,0,3,0,0,,,,
944,Thomas Hennessy,NYJ,23,,16,0,,,,,,1,0,0,0,0,,,,
945,Hunter Henry,LAC,23,fb/tb/TE,14,13,,,,,,0,0,1,0,0,,,,
946,Tyreek Hill*,KAN,23,WR,15,13,,,,,,0,2,2,0,0,,,,
947,Krishawn Hogan,IND,22,,2,0,,,,,,1,1,1,0,0,,,,
948,Mack Hollins,PHI,24,,16,0,,,,,,0,0,1,-16,0,,,,
949,Jacob Hollister,NWE,24,te,15,1,,,,,,1,0,1,0,0,,,,
950,Tyrone Holmes,CLE,24,,4,0,,,,,,,,,,,,0,2,
951,Joshua Holsey,WAS,23,,12,0,,,,,,0,0,1,0,0,,,,
952,Johnny Holton,OAK,26,wr,16,1,,,,,,0,3,1,0,0,,,,
953,DeAndre Houston-Carson,CHI,24,,11,0,,,,,,2,0,0,0,0,,,,
954,Jordan Howard,CHI,23,RB,16,16,,,,,,0,1,1,0,0,,,,
955,O.J. Howard,TAM,23,TE,14,14,,,,,,0,3,1,0,0,,,,
956,Brian Hoyer,2TM,32,,11,6,,,,,,0,3,1,-3,0,,,,
957,Rodney Hudson*,OAK,28,C/rg,16,16,,,,,,0,1,1,-7,0,,,,
958,Adam Humphries,TAM,24,wr,16,3,,,,,,1,1,0,0,0,,,,
959,Brett Hundley,GNB,24,QB,11,9,,,,,,0,4,1,0,0,,,,
960,Carlos Hyde,SFO,26,RB,16,16,,,,,,0,2,1,-6,0,,,,
961,Mark Ingram*,NOR,28,RB,16,13,,,,,,0,3,1,0,0,,,,
962,Ja'Wuan James,MIA,25,RT,8,8,,,,,,0,0,1,0,0,,,,
963,Tyrique Jarrett,DEN,23,,1,0,,,,,,,,,,,,0,1,
964,Alshon Jeffery,PHI,27,WR,16,16,0,0,0,0,1,,,,,,,,,
965,Anthony Johnson,IND,24,,4,0,,,,,,,,,,,,0,1,
966,Duke Johnson,CLE,24,,16,0,,,,,,0,4,3,0,0,,,,
967,Isaiah Johnson,TAM,25,,4,0,,,,,,0,0,1,7,1,,,,
968,Jaleel Johnson,MIN,23,,5,0,,,,,,,,,,,,0,1,
969,Lane Johnson*+,PHI,27,RT,15,15,,,,,,0,0,1,0,0,,,,
970,Landry Jones,PIT,28,qb,3,1,,,,,,0,1,3,0,0,,,,
971,Matt Kalil,CAR,28,LT/t,16,16,,,,,,0,0,1,0,0,,,,
972,Case Keenum,MIN,29,QB,15,14,,,,,,1,1,0,0,0,,,,
973,Travis Kelce*,KAN,28,TE,15,15,0,0,0,0,1,,,,,,,,,
974,Jeremy Kerley,NYJ,29,wr,8,2,,,,,,0,3,1,0,0,,,,
975,Brandon King,NWE,24,,13,0,,,,,,,,,,,,,,1
976,DeShone Kizer,CLE,21,QB,15,15,,,,,,0,9,2,-14,0,,,,
977,L.P. Ladouceur,DAL,36,,16,0,,,,,,0,0,1,0,0,,,,
978,Jarvis Landry*,MIA,25,WR,16,16,,,,,,0,4,2,0,0,,,,
979,Cody Latimer,DEN,25,wr,11,1,,,,,,0,1,1,0,0,,,,
980,Elijah Lee,SFO,21,,14,0,,,,,,1,0,0,0,0,,,,
981,Zach Line,NOR,27,fb,12,4,,,,,,1,0,0,0,0,,,,
982,Paxton Lynch,DEN,23,qb,2,2,,,,,,0,2,1,0,0,,,,
983,Greg Mabin,2TM,23,,7,0,0,0,0,0,1,,,,,,,0,1,
984,Patrick Mahomes,KAN,22,qb,1,1,,,,,,0,0,1,0,0,,,,
985,Eli Manning,NYG,36,QB,15,15,,,,,,0,11,5,-5,0,,,,
986,Marcus Mariota,TEN,24,QB,15,15,,,,,,0,2,1,-7,0,,,,
987,Shaq Mason,NWE,24,RG,16,16,,,,,,0,0,1,0,0,,,,
988,Bobby Massie,CHI,28,RT,15,15,,,,,,0,0,2,0,0,,,,
989,Jake Matthews,ATL,25,LT,16,16,,,,,,0,0,1,0,0,,,,
990,Tre McBride,CHI,25,wr,8,3,,,,,,0,0,1,0,0,,,,
991,Christian McCaffrey,CAR,21,RB,16,10,,,,,,0,2,1,0,0,,,,
992,Josh McCown,NYJ,38,QB,13,13,,,,,,0,11,6,-8,0,,,,
993,LeSean McCoy*,BUF,29,RB,16,16,,,,,,0,3,1,0,0,,,,
994,Justin McCray,GNB,25,lg/rg/rt,13,8,,,,,,0,0,1,0,0,,,,
995,Vance McDonald,PIT,27,te,10,7,,,,,,1,0,0,0,0,,,,
996,Tanner McEvoy,SEA,24,,15,0,,,,,,1,1,0,0,0,,,,
997,Isaiah McKenzie,DEN,22,,11,0,,,,,,0,6,3,0,0,,,,
998,Jaydon Mickens,JAX,23,,10,0,,,,,,0,4,2,0,0,,,,
999,Lamar Miller,HOU,26,RB,16,13,,,,,,0,1,1,0,0,,,,
1000,Jordan Mills,BUF,27,RT,16,16,,,,,,0,0,1,0,0,,,,
1001,Joe Mixon,CIN,21,rb,14,7,,,,,,0,3,1,0,0,,,,
1002,Chris Moore,BAL,24,wr,13,4,,,,,,0,0,2,0,1,,,,
1003,David Morgan,MIN,24,te,15,6,,,,,,0,0,1,0,0,,,,
1004,Morgan Moses,WAS,26,RT,16,16,,,,,,0,0,1,0,0,,,,
1005,Al-Quadin Muhammad,NOR,22,,4,0,,,,,,,,,,,,0,1,
1006,Jalen Myrick,JAX,22,,5,0,0,0,0,0,1,,,,,,,,,
1007,Jojo Natson,NYJ,23,,7,0,,,,,,0,1,1,0,0,,,,
1008,Kyle Nelson,SFO,31,,16,0,,,,,,0,0,1,0,0,,,,
1009,Marshall Newhouse,OAK,29,RT,14,14,,,,,,0,1,1,0,0,,,,
1010,Cam Newton,CAR,28,QB,16,16,,,,,,0,9,3,-17,0,,,,
1011,Russell Okung*,LAC,30,LT,15,15,,,,,,0,0,1,0,0,,,,
1012,Jamize Olawale,OAK,28,,12,0,,,,,,0,1,1,0,0,,,,
1013,Patrick Omameh,JAX,28,LG,13,13,,,,,,0,0,1,0,0,,,,
1014,Michael Palardy,CAR,25,P,16,0,,,,,,0,1,1,0,0,,,,
1015,Carson Palmer,ARI,38,qb,7,7,,,,,,0,2,2,-2,0,,,,
1016,Nate Palmer,TEN,28,,10,0,,,,,,,,,,,,0,3,
1017,Matt Paradis,DEN,28,C,16,16,,,,,,0,1,1,-5,0,,,,
1018,David Parry,NOR,25,,1,0,,,,,,,,,,,,0,1,
1019,Cordarrelle Patterson,OAK,26,wr,16,2,,,,,,0,3,1,0,0,,,,
1020,Donald Payne,JAX,23,,13,0,,,,,,,,,,,,0,1,
1021,Elijhaa Penny,ARI,24,,16,0,,,,,,0,0,1,0,0,,0,1,
1022,Samaje Perine,WAS,22,RB,16,8,,,,,,0,2,1,0,0,,,,
1023,Senorise Perry,MIA,26,,16,0,,,,,,0,0,1,2,0,,,,1
1024,Nathan Peterman,BUF,23,qb,4,2,,,,,,0,2,2,-6,0,,,,
1025,Adrian Peterson,2TM,32,,10,7,,,,,,0,3,1,0,0,,,,
1026,Dak Prescott,DAL,24,QB,16,16,,,,,,0,4,1,0,0,,,,
1027,Thomas Rawls,SEA,24,rb,12,3,,,,,,0,1,1,0,0,,,,
1028,Kalif Raymond,2TM,23,,8,0,,,,,,0,5,4,0,0,,,,
1029,Kasey Redfern,DET,26,p,1,0,,,,,,0,1,1,0,0,,,,
1030,Jordan Reed,WAS,27,te,6,5,,,,,,0,1,2,-2,0,,,,
1031,Kalan Reed,TEN,24,,3,0,0,0,0,0,1,,,,,,,,,
1032,Bernard Reedy,2TM,26,,11,0,,,,,,0,1,2,0,0,,,,
1033,Philip Rivers*,LAC,36,QB,16,16,,,,,,0,8,5,-4,0,,,,
1034,Andre Roberts,ATL,29,,16,0,,,,,,0,4,2,0,0,,,,
1035,Aldrick Robinson,SFO,29,wr,16,1,,,,,,0,0,1,0,0,,,,
1036,Cam Robinson,JAX,22,LT,15,15,,,,,,0,0,1,0,0,,,,
1037,Greg Robinson,DET,25,lt,6,6,,,,,,0,0,1,0,0,,,,
1038,Josh Robinson,TAM,26,,11,0,,,,,,1,0,0,0,0,,,,
1039,Aaron Rodgers,GNB,34,qb,7,7,,,,,,0,1,1,0,0,,,,
1040,Ben Roethlisberger*,PIT,35,QB,15,15,,,,,,0,3,2,-10,0,,,,
1041,Matt Ryan,ATL,32,QB,16,16,,,,,,0,4,1,-4,0,,,,
1042,Ryan Schraeder,ATL,29,RT,14,14,,,,,,0,0,1,0,0,,,,
1043,Wes Schweitzer,ATL,24,RG,16,16,,,,,,0,0,1,0,0,,,,
1044,Russell Shepard,CAR,27,wr,15,3,,,,,,1,1,0,0,0,,,,
1045,Sterling Shepard,NYG,24,WR,11,10,,,,,,0,1,1,0,0,,,,
1046,Anthony Sherman,KAN,29,fb,16,3,,,,,,0,0,1,0,0,,,,
1047,A.Q. Shipley,ARI,31,C,16,16,,,,,,0,0,1,0,0,,,,
1048,Trevor Siemian,DEN,26,QB,11,10,,,,,,0,5,1,0,0,,,,
1049,Dion Sims,CHI,26,TE,14,14,,,,,,1,0,0,0,0,,,,
1050,Wendell Smallwood,PHI,23,rb,8,3,,,,,,1,0,0,0,0,,,,
1051,Alex Smith*,KAN,33,QB,15,15,,,,,,0,2,3,-2,0,,,,
1052,Derron Smith,2TM,25,,10,0,,,,,,0,0,1,-2,0,,,,
1053,Donovan Smith,TAM,24,LT,16,16,,,,,,0,0,1,0,0,,,,
1054,Keith Smith,DAL,25,fb,16,3,,,,,,2,0,0,0,0,,,,
1055,Jason Spriggs,GNB,23,rt,7,5,,,,,,0,0,1,0,0,,,,
1056,Matthew Stafford,DET,29,QB,16,16,,,,,,0,11,2,-13,0,,,,
1057,Joe Staley*,SFO,33,LT,15,15,,,,,,0,0,1,0,0,,,,
1058,Jonathan Stewart,CAR,30,RB,15,10,,,,,,0,3,2,0,0,,,,
1059,Ed Stinson,NYJ,27,,4,0,,,,,,,,,,,,0,1,
1060,John Sullivan,LAR,32,C,15,15,,,,,,0,0,1,0,0,,,,
1061,Phillip Supernaw,TEN,27,te,16,3,,,,,,0,0,1,0,0,,,,
1062,Brandon Tate,BUF,30,wr,13,1,,,,,,0,1,1,0,0,,,,
1063,Devin Taylor,NYG,28,,2,0,,,,,,,,,,,,0,1,
1064,De'Anthony Thomas,KAN,24,wr,16,2,,,,,,0,1,1,0,0,,,,
1065,Julius Thomas,MIA,29,TE,14,13,,,,,,0,1,1,0,0,,,,
1066,Chris Thompson,WAS,27,rb,10,1,,,,,,0,3,1,-2,0,,,,
1067,Chris Thompson,HOU,23,,13,0,,,,,,0,3,2,0,0,,,,
1068,Tedric Thompson,SEA,22,,9,0,,,,,,0,0,2,0,0,,,,
1069,Jordan Todman,HOU,27,,14,0,,,,,,0,0,1,0,0,,,,
1070,Levine Toilolo,ATL,26,TE,15,12,,,,,,0,0,1,0,1,,,,
1071,Mike Tolbert,BUF,32,,12,0,,,,,,0,2,1,0,0,,,,
1072,Scott Tolzien,IND,30,qb,1,1,,,,,,0,1,1,0,0,,,,
1073,Ross Travis,2TM,24,,15,3,,,,,,0,1,1,0,0,,,,
1074,Laquon Treadwell,MIN,22,wr,16,7,,,,,,1,1,0,0,0,,,,
1075,Mitch Trubisky,CHI,23,QB,12,12,,,,,,0,10,6,-13,0,,,,
1076,Max Unger,NOR,31,C,16,16,,,,,,0,1,1,-17,0,,,,
1077,Jeremy Vujnovich,IND,27,LG,16,16,,,,,,0,0,1,0,0,,,,
1078,Ricky Wagner,DET,28,RT,13,13,,,,,,0,0,1,0,0,,,,
1079,Mike Wallace,BAL,31,WR,15,14,,,,,,0,0,1,0,0,,,,
1080,DeAndre Washington,OAK,24,,15,0,,,,,,0,2,2,0,0,,,,
1081,Earl Watford,ARI,27,lg/RG,10,9,,,,,,0,0,2,0,0,,,,
1082,Carson Wentz*,PHI,25,QB,13,13,,,,,,0,9,4,-23,0,,,,
1083,Charcandrick West,KAN,26,,13,0,,,,,,0,1,1,0,0,,,,
1084,DeAndrew White,HOU,26,wr,2,1,,,,,,0,1,1,0,0,,,,
1085,Andrew Whitworth*+,LAR,36,LT,15,15,,,,,,0,0,2,0,0,,,,
1086,Trent Williams*,WAS,29,LT,10,10,,,,,,0,0,1,0,0,,,,
1087,Luke Willson,SEA,27,te,16,7,,,,,,0,0,1,0,0,,,,
1088,Eric Wilson,MIN,23,,16,0,,,,,,1,0,0,0,0,,,,
1089,Russell Wilson*,SEA,29,QB,16,16,,,,,,1,14,6,-11,0,,,,
1090,James Winchester,KAN,28,,16,0,,,,,,1,0,0,0,0,,,,
1091,Jameis Winston,TAM,23,QB,13,13,,,,,,0,15,7,-9,0,,,,
1092,Eric Wood,BUF,31,C,16,16,,,,,,0,0,1,0,0,,,,
1093,T.J. Yates,HOU,30,qb,4,3,,,,,,0,5,3,0,0,,,,
1094,Zach Zenner,DET,26,,8,0,,,,,,0,0,1,0,0,,,,